name,prefecture,line,x,y,postal,prev,next
東京,東京都,JR中央線,139.766103,35.681391,1000005,,神田
神田,東京都,JR中央線,139.770641,35.691173,1010044,東京,御茶ノ水
御茶ノ水,東京都,JR中央線,139.764955,35.699604,1010062,神田,水道橋
水道橋,東京都,JR中央線,139.754312,35.702039,1010061,御茶ノ水,飯田橋
飯田橋,東京都,JR中央線,139.745143,35.701835,1020072,水道橋,市ケ谷
市ケ谷,東京都,JR中央線,139.735241,35.691105,1020076,飯田橋,四ツ谷
四ツ谷,東京都,JR中央線,139.730644,35.686041,1020083,市ケ谷,信濃町
信濃町,東京都,JR中央線,139.720729,35.680031,1600012,四ツ谷,千駄ケ谷
千駄ケ谷,東京都,JR中央線,139.711644,35.681231,1510051,信濃町,代々木
代々木,東京都,JR中央線,139.702042,35.683061,1510051,千駄ケ谷,新宿
新宿,東京都,JR中央線,139.700464,35.689729,1600022,代々木,大久保
大久保,東京都,JR中央線,139.69732,35.700784,1690073,新宿,東中野
東中野,東京都,JR中央線,139.684436,35.706529,1640003,大久保,中野
中野,東京都,JR中央線,139.665835,35.705765,1640001,東中野,高円寺
高円寺,東京都,JR中央線,139.649664,35.705327,1660003,中野,阿佐ケ谷
阿佐ケ谷,東京都,JR中央線,139.635868,35.704818,1660004,高円寺,荻窪
荻窪,東京都,JR中央線,139.620109,35.704523,1670043,阿佐ケ谷,西荻窪
西荻窪,東京都,JR中央線,139.599361,35.703842,1670042,荻窪,吉祥寺
吉祥寺,東京都,JR中央線,139.579765,35.703119,1800003,西荻窪,三鷹
三鷹,東京都,JR中央線,139.560325,35.702683,1810013,吉祥寺,武蔵境
武蔵境,東京都,JR中央線,139.543402,35.702083,1800023,三鷹,東小金井
東小金井,東京都,JR中央線,139.524837,35.701643,1840002,武蔵境,武蔵小金井
武蔵小金井,東京都,JR中央線,139.506483,35.701337,1840004,東小金井,国分寺
国分寺,東京都,JR中央線,139.480841,35.700123,1850012,武蔵小金井,西国分寺
西国分寺,東京都,JR中央線,139.465994,35.699744,1850013,国分寺,国立
国立,東京都,JR中央線,139.44634,35.69923,1860001,西国分寺,立川
立川,東京都,JR中央線,139.413704,35.698202,1900023,国立,日野
日野,東京都,JR中央線,139.39393,35.679244,1910061,立川,豊田
豊田,東京都,JR中央線,139.381495,35.659502,1910053,日野,八王子
八王子,東京都,JR中央線,139.338998,35.655555,1920083,豊田,西八王子
西八王子,東京都,JR中央線,139.31264,35.656621,1930835,八王子,高尾
高尾,東京都,JR中央線,139.282288,35.642026,1930844,西八王子,
高尾,東京都,JR中央本線,139.282288,35.642026,1930844,,相模湖
相模湖,神奈川県,JR中央本線,139.1885,35.617335,2520171,高尾,藤野
藤野,神奈川県,JR中央本線,139.15239,35.615918,2520184,相模湖,上野原
上野原,山梨県,JR中央本線,139.115787,35.618747,4090113,藤野,四方津
四方津,山梨県,JR中央本線,139.072572,35.614252,4090121,上野原,梁川
梁川,山梨県,JR中央本線,139.038076,35.605271,4090503,四方津,鳥沢
鳥沢,山梨県,JR中央本線,139.003345,35.608118,4090502,梁川,猿橋
猿橋,山梨県,JR中央本線,138.968388,35.61288,4090617,鳥沢,大月
大月,山梨県,JR中央本線,138.942729,35.613222,4010013,猿橋,初狩
初狩,山梨県,JR中央本線,138.883966,35.594274,4010021,大月,笹子
笹子,山梨県,JR中央本線,138.825205,35.603921,4010025,初狩,甲斐大和
甲斐大和,山梨県,JR中央本線,138.781632,35.639364,4091203,笹子,勝沼ぶどう郷
勝沼ぶどう郷,山梨県,JR中央本線,138.74323,35.67279,4091302,甲斐大和,塩山
塩山,山梨県,JR中央本線,138.734796,35.705327,4040042,勝沼ぶどう郷,東山梨
東山梨,山梨県,JR中央本線,138.703026,35.694313,4050004,塩山,山梨市
山梨市,山梨県,JR中央本線,138.683003,35.684961,4050018,東山梨,春日居町
春日居町,山梨県,JR中央本線,138.659,35.673491,4060002,山梨市,石和温泉
石和温泉,山梨県,JR中央本線,138.634577,35.657603,4060021,春日居町,酒折
酒折,山梨県,JR中央本線,138.598852,35.659486,4000805,石和温泉,甲府
甲府,山梨県,JR中央本線,138.569015,35.667054,4000031,酒折,竜王
竜王,山梨県,JR中央本線,138.519298,35.668764,4000111,甲府,塩崎
塩崎,山梨県,JR中央本線,138.487521,35.687734,4000105,竜王,韮崎
韮崎,山梨県,JR中央本線,138.451357,35.709711,4070015,塩崎,新府
新府,山梨県,JR中央本線,138.433093,35.736802,4070262,韮崎,穴山
穴山,山梨県,JR中央本線,138.413858,35.75107,4070263,新府,日野春
日野春,山梨県,JR中央本線,138.394316,35.79065,4080024,穴山,長坂
長坂,山梨県,JR中央本線,138.366459,35.827061,4080021,日野春,小淵沢
小淵沢,山梨県,JR中央本線,138.316351,35.863808,4080044,長坂,信濃境
信濃境,長野県,JR中央本線,138.275419,35.884952,3990101,小淵沢,富士見
富士見,長野県,JR中央本線,138.238071,35.912183,3990211,信濃境,すずらんの里
すずらんの里,長野県,JR中央本線,138.211775,35.930288,3990211,富士見,青柳
青柳,長野県,JR中央本線,138.197612,35.942581,3910012,すずらんの里,茅野
茅野,長野県,JR中央本線,138.151674,35.995062,3910001,青柳,上諏訪
上諏訪,長野県,JR中央本線,138.116306,36.046618,3920004,茅野,下諏訪
下諏訪,長野県,JR中央本線,138.084953,36.071949,3930056,上諏訪,岡谷
岡谷,長野県,JR中央本線,138.045001,36.056693,3940028,下諏訪,みどり湖
みどり湖,長野県,JR中央本線,137.981928,36.094176,3990724,岡谷,塩尻
塩尻,長野県,JR中央本線,137.947961,36.114364,3990744,みどり湖,洗馬
洗馬,長野県,JR中央本線,137.916842,36.087164,3996461,塩尻,日出塩
日出塩,長野県,JR中央本線,137.894804,36.049004,3996461,洗馬,贄川
贄川,長野県,JR中央本線,137.86091,36.014008,3996301,日出塩,木曽平沢
木曽平沢,長野県,JR中央本線,137.832613,35.979108,3996302,贄川,奈良井
奈良井,長野県,JR中央本線,137.816195,35.969476,3996303,木曽平沢,藪原
藪原,長野県,JR中央本線,137.784368,35.930152,3996201,奈良井,宮ノ越
宮ノ越,長野県,JR中央本線,137.763794,35.888337,3996101,藪原,原野
原野,長野県,JR中央本線,137.741536,35.871245,3996101,宮ノ越,木曽福島
木曽福島,長野県,JR中央本線,137.69343,35.843669,3970001,原野,上松
上松,長野県,JR中央本線,137.693283,35.784068,3995603,木曽福島,倉本
倉本,長野県,JR中央本線,137.714338,35.732939,3995608,上松,須原
須原,長野県,JR中央本線,137.694844,35.69769,3995502,倉本,大桑
大桑,長野県,JR中央本線,137.664224,35.684477,3995503,須原,野尻
野尻,長野県,JR中央本線,137.636152,35.673042,3995504,大桑,十二兼
十二兼,長野県,JR中央本線,137.617569,35.645418,3995301,野尻,南木曽
南木曽,長野県,JR中央本線,137.608672,35.598896,3995301,十二兼,田立
田立,長野県,JR中央本線,137.54893,35.588281,3995303,南木曽,坂下
坂下,岐阜県,JR中央本線,137.531094,35.574218,5099232,田立,落合川
落合川,岐阜県,JR中央本線,137.530034,35.525116,5080006,坂下,中津川
中津川,岐阜県,JR中央本線,137.502867,35.50036,5080033,落合川,美乃坂本
美乃坂本,岐阜県,JR中央本線,137.450364,35.479286,5099131,中津川,恵那
恵那,岐阜県,JR中央本線,137.407764,35.455063,5097201,美乃坂本,武並
武並,岐阜県,JR中央本線,137.35417,35.437938,5097122,恵那,釜戸
釜戸,岐阜県,JR中央本線,137.30501,35.411103,5096472,武並,瑞浪
瑞浪,岐阜県,JR中央本線,137.252017,35.369081,5096121,釜戸,土岐市
土岐市,岐阜県,JR中央本線,137.182082,35.359708,5095142,瑞浪,多治見
多治見,岐阜県,JR中央本線,137.120294,35.334774,5070037,土岐市,古虎渓
古虎渓,岐阜県,JR中央本線,137.101011,35.302955,5070044,多治見,定光寺
定光寺,愛知県,JR中央本線,137.080981,35.278015,4870004,古虎渓,高蔵寺
高蔵寺,愛知県,JR中央本線,137.043766,35.26434,4870016,定光寺,神領
神領,愛知県,JR中央本線,137.010006,35.256234,4860821,高蔵寺,春日井
春日井,愛知県,JR中央本線,136.985307,35.243139,4860833,神領,勝川
勝川,愛知県,JR中央本線,136.956285,35.22982,4860931,春日井,新守山
新守山,愛知県,JR中央本線,136.951207,35.207283,4630069,勝川,大曽根
大曽根,愛知県,JR中央本線,136.937161,35.191508,4610048,新守山,千種
千種,愛知県,JR中央本線,136.930665,35.170168,4640075,大曽根,鶴舞
鶴舞,愛知県,JR中央本線,136.917436,35.156416,4600012,千種,金山
金山,愛知県,JR中央本線,136.900517,35.142928,4600022,鶴舞,名古屋
名古屋,愛知県,JR中央本線,136.881637,35.170694,4510045,金山,
拝島,東京都,JR五日市線,139.343468,35.721278,1970003,,熊川
熊川,東京都,JR五日市線,139.33584,35.728321,1970003,拝島,東秋留
東秋留,東京都,JR五日市線,139.311665,35.725904,1970823,熊川,秋川
秋川,東京都,JR五日市線,139.286715,35.727998,1970827,東秋留,武蔵引田
武蔵引田,東京都,JR五日市線,139.269907,35.729711,1970834,秋川,武蔵増戸
武蔵増戸,東京都,JR五日市線,139.256355,35.730961,1900142,武蔵引田,武蔵五日市
武蔵五日市,東京都,JR五日市線,139.228039,35.732248,1900166,武蔵増戸,
大宮,埼玉県,JR京浜東北線,139.62405,35.906439,3300853,,さいたま新都心
さいたま新都心,埼玉県,JR京浜東北線,139.633587,35.893867,3300843,大宮,与野
与野,埼玉県,JR京浜東北線,139.639085,35.884393,3300071,さいたま新都心,北浦和
北浦和,埼玉県,JR京浜東北線,139.645951,35.872053,3300074,与野,浦和
浦和,埼玉県,JR京浜東北線,139.657109,35.858496,3300063,北浦和,南浦和
南浦和,埼玉県,JR京浜東北線,139.669125,35.847648,3360017,浦和,蕨
蕨,埼玉県,JR京浜東北線,139.690357,35.827959,3350004,南浦和,西川口
西川口,埼玉県,JR京浜東北線,139.704312,35.815514,3320034,蕨,川口
川口,埼玉県,JR京浜東北線,139.717472,35.801869,3320017,西川口,赤羽
赤羽,東京都,JR京浜東北線,139.720928,35.778026,1150045,川口,東十条
東十条,東京都,JR京浜東北線,139.726858,35.763803,1140001,赤羽,王子
王子,東京都,JR京浜東北線,139.73809,35.752538,1140002,東十条,上中里
上中里,東京都,JR京浜東北線,139.745769,35.74728,1140024,王子,田端
田端,東京都,JR京浜東北線,139.761229,35.737781,1140013,上中里,西日暮里
西日暮里,東京都,JR京浜東北線,139.766857,35.731954,1160013,田端,日暮里
日暮里,東京都,JR京浜東北線,139.771287,35.727908,1100001,西日暮里,鶯谷
鶯谷,東京都,JR京浜東北線,139.778015,35.721484,1100003,日暮里,上野
上野,東京都,JR京浜東北線,139.777043,35.71379,1100005,鶯谷,御徒町
御徒町,東京都,JR京浜東北線,139.774727,35.707282,1100005,上野,秋葉原
秋葉原,東京都,JR京浜東北線,139.773288,35.698619,1010028,御徒町,神田
神田,東京都,JR京浜東北線,139.770641,35.691173,1010044,秋葉原,東京
東京,東京都,JR京浜東北線,139.766103,35.681391,1000005,神田,有楽町
有楽町,東京都,JR京浜東北線,139.763806,35.675441,1000006,東京,新橋
新橋,東京都,JR京浜東北線,139.758587,35.666195,1050004,有楽町,浜松町
浜松町,東京都,JR京浜東北線,139.757135,35.655391,1050022,新橋,田町
田町,東京都,JR京浜東北線,139.747575,35.645737,1080023,浜松町,高輪ゲートウェイ
高輪ゲートウェイ,東京都,JR京浜東北線,139.740651,35.635476,1080075,田町,品川
品川,東京都,JR京浜東北線,139.738999,35.62876,1080075,高輪ゲートウェイ,大井町
大井町,東京都,JR京浜東北線,139.73485,35.606257,1400014,品川,大森
大森,東京都,JR京浜東北線,139.728079,35.588903,1430016,大井町,蒲田
蒲田,東京都,JR京浜東北線,139.716032,35.562517,1440052,大森,川崎
川崎,神奈川県,JR京浜東北線,139.697485,35.531311,2120013,蒲田,鶴見
鶴見,神奈川県,JR京浜東北線,139.67614,35.508387,2300051,川崎,新子安
新子安,神奈川県,JR京浜東北線,139.654776,35.487064,2210021,鶴見,東神奈川
東神奈川,神奈川県,JR京浜東北線,139.633466,35.47804,2210044,新子安,横浜
横浜,神奈川県,JR京浜東北線,139.622704,35.466195,2200011,東神奈川,
東京,東京都,JR京葉線,139.766103,35.681391,1000005,,八丁堀
八丁堀,東京都,JR京葉線,139.777705,35.674617,1040032,東京,越中島
越中島,東京都,JR京葉線,139.792713,35.667946,1350044,八丁堀,潮見
潮見,東京都,JR京葉線,139.817341,35.658702,1350052,越中島,新木場
新木場,東京都,JR京葉線,139.827402,35.646172,1360082,潮見,葛西臨海公園
葛西臨海公園,東京都,JR京葉線,139.861529,35.644392,1340086,新木場,舞浜
舞浜,千葉県,JR京葉線,139.883714,35.636115,2790031,葛西臨海公園,新浦安
新浦安,千葉県,JR京葉線,139.912553,35.649526,2790012,舞浜,市川塩浜
市川塩浜,千葉県,JR京葉線,139.923684,35.666554,2720127,新浦安,西船橋
西船橋,千葉県,JR京葉線,139.959536,35.707283,2730025,市川塩浜,二俣新町
二俣新町,千葉県,JR京葉線,139.959525,35.691273,2720001,西船橋,南船橋
南船橋,千葉県,JR京葉線,139.995773,35.681804,2730013,二俣新町,新習志野
新習志野,千葉県,JR京葉線,140.012825,35.667342,2750024,南船橋,幕張豊砂
幕張豊砂,千葉県,JR京葉線,140.027061,35.657991,2610023,新習志野,海浜幕張
海浜幕張,千葉県,JR京葉線,140.041917,35.648373,2610021,幕張豊砂,検見川浜
検見川浜,千葉県,JR京葉線,140.058888,35.637291,2610011,海浜幕張,稲毛海岸
稲毛海岸,千葉県,JR京葉線,140.074034,35.629501,2610004,検見川浜,千葉みなと
千葉みなと,千葉県,JR京葉線,140.10341,35.606172,2600024,稲毛海岸,蘇我
蘇我,千葉県,JR京葉線,140.130767,35.582065,2600834,千葉みなと,
八王子,東京都,JR八高線,139.338998,35.655555,1920083,,北八王子
北八王子,東京都,JR八高線,139.363348,35.669232,1920032,八王子,小宮
小宮,東京都,JR八高線,139.368481,35.685799,1920031,北八王子,拝島
拝島,東京都,JR八高線,139.343468,35.721278,1970003,小宮,東福生
東福生,東京都,JR八高線,139.33594,35.745811,1970011,拝島,箱根ヶ崎
箱根ヶ崎,東京都,JR八高線,139.346805,35.771158,1901221,東福生,金子
金子,埼玉県,JR八高線,139.328546,35.810822,3580046,箱根ヶ崎,東飯能
東飯能,埼玉県,JR八高線,139.325965,35.852928,3570025,金子,高麗川
高麗川,埼玉県,JR八高線,139.33809,35.896328,3501205,東飯能,毛呂
毛呂,埼玉県,JR八高線,139.309237,35.940806,3500441,高麗川,越生
越生,埼玉県,JR八高線,139.299437,35.962559,3500416,毛呂,明覚
明覚,埼玉県,JR八高線,139.288789,36.003309,3550354,越生,小川町
小川町,埼玉県,JR八高線,139.260412,36.05903,3550328,明覚,竹沢
竹沢,埼玉県,JR八高線,139.229952,36.075466,3550336,小川町,折原
折原,埼玉県,JR八高線,139.195205,36.096296,3691225,竹沢,寄居
寄居,埼玉県,JR八高線,139.194224,36.118013,3691203,折原,用土
用土,埼玉県,JR八高線,139.200758,36.153858,3691201,寄居,松久
松久,埼玉県,JR八高線,139.182127,36.172938,3670113,用土,児玉
児玉,埼玉県,JR八高線,139.13582,36.192624,3670212,松久,丹荘
丹荘,埼玉県,JR八高線,139.102306,36.216668,3670245,児玉,群馬藤岡
群馬藤岡,群馬県,JR八高線,139.08338,36.250336,3750024,丹荘,北藤岡
北藤岡,群馬県,JR八高線,139.080779,36.282469,3750002,群馬藤岡,倉賀野
倉賀野,群馬県,JR八高線,139.049474,36.300216,3701201,北藤岡,高崎
高崎,群馬県,JR八高線,139.012354,36.322239,3700849,倉賀野,
川崎,神奈川県,JR南武線,139.697485,35.531311,2120013,,尻手
尻手,神奈川県,JR南武線,139.684233,35.530939,2120016,川崎,矢向
矢向,神奈川県,JR南武線,139.68055,35.539408,2300001,尻手,鹿島田
鹿島田,神奈川県,JR南武線,139.674964,35.551459,2120058,矢向,平間
平間,神奈川県,JR南武線,139.671039,35.560564,2110014,鹿島田,向河原
向河原,神奈川県,JR南武線,139.66725,35.572891,2110011,平間,武蔵小杉
武蔵小杉,神奈川県,JR南武線,139.65963,35.57669,2110005,向河原,武蔵中原
武蔵中原,神奈川県,JR南武線,139.640613,35.581498,2110053,武蔵小杉,武蔵新城
武蔵新城,神奈川県,JR南武線,139.629419,35.587369,2110045,武蔵中原,武蔵溝ノ口
武蔵溝ノ口,神奈川県,JR南武線,139.61139,35.598923,2130001,武蔵新城,津田山
津田山,神奈川県,JR南武線,139.600002,35.604259,2130033,武蔵溝ノ口,久地
久地,神奈川県,JR南武線,139.592714,35.610363,2130032,津田山,宿河原
宿河原,神奈川県,JR南武線,139.579565,35.615429,2140021,久地,登戸
登戸,神奈川県,JR南武線,139.570028,35.620889,2140014,宿河原,中野島
中野島,神奈川県,JR南武線,139.5501,35.630135,2140012,登戸,稲田堤
稲田堤,神奈川県,JR南武線,139.535173,35.633701,2140003,中野島,矢野口
矢野口,東京都,JR南武線,139.520849,35.641305,2060812,稲田堤,稲城長沼
稲城長沼,東京都,JR南武線,139.502811,35.644184,2060802,矢野口,南多摩
南多摩,東京都,JR南武線,139.489781,35.649249,2060801,稲城長沼,府中本町
府中本町,東京都,JR南武線,139.477142,35.665766,1830027,南多摩,分倍河原
分倍河原,東京都,JR南武線,139.468798,35.668493,1830021,府中本町,西府
西府,東京都,JR南武線,139.457477,35.670912,1830031,分倍河原,谷保
谷保,東京都,JR南武線,139.446724,35.681377,1860011,西府,矢川
矢川,東京都,JR南武線,139.431611,35.685079,1860011,谷保,西国立
西国立,東京都,JR南武線,139.423887,35.69375,1900022,矢川,立川
立川,東京都,JR南武線,139.413704,35.698202,1900023,西国立,
大崎,東京都,JR埼京線,139.728439,35.619772,1410032,,恵比寿
恵比寿,東京都,JR埼京線,139.71007,35.646684,1500013,大崎,渋谷
渋谷,東京都,JR埼京線,139.701238,35.658871,1500002,恵比寿,新宿
新宿,東京都,JR埼京線,139.700464,35.689729,1600022,渋谷,池袋
池袋,東京都,JR埼京線,139.711085,35.730256,1710021,新宿,板橋
板橋,東京都,JR埼京線,139.719507,35.745435,1700012,池袋,十条
十条,東京都,JR埼京線,139.722233,35.760321,1140034,板橋,赤羽
赤羽,東京都,JR埼京線,139.720928,35.778026,1150045,十条,北赤羽
北赤羽,東京都,JR埼京線,139.70569,35.787007,1150052,赤羽,浮間舟渡
浮間舟渡,東京都,JR埼京線,139.691341,35.791209,1150051,北赤羽,戸田公園
戸田公園,埼玉県,JR埼京線,139.678203,35.807906,3350023,浮間舟渡,戸田
戸田,埼玉県,JR埼京線,139.669548,35.817665,3350021,戸田公園,北戸田
北戸田,埼玉県,JR埼京線,139.661201,35.826883,3350021,戸田,武蔵浦和
武蔵浦和,埼玉県,JR埼京線,139.646809,35.845422,3360021,北戸田,中浦和
中浦和,埼玉県,JR埼京線,139.6375,35.853769,3360031,武蔵浦和,南与野
南与野,埼玉県,JR埼京線,139.631117,35.867456,3380013,中浦和,与野本町
与野本町,埼玉県,JR埼京線,139.626075,35.880968,3380003,南与野,北与野
北与野,埼玉県,JR埼京線,139.628521,35.890678,3380001,与野本町,大宮
大宮,埼玉県,JR埼京線,139.62405,35.906439,3300853,北与野,
上野,東京都,JR宇都宮線,139.777043,35.71379,1100005,,尾久
尾久,東京都,JR宇都宮線,139.753846,35.74683,1140016,上野,赤羽
赤羽,東京都,JR宇都宮線,139.720928,35.778026,1150045,尾久,浦和
浦和,埼玉県,JR宇都宮線,139.657109,35.858496,3300063,赤羽,さいたま新都心
さいたま新都心,埼玉県,JR宇都宮線,139.633587,35.893867,3300843,浦和,大宮
大宮,埼玉県,JR宇都宮線,139.62405,35.906439,3300853,さいたま新都心,土呂
土呂,埼玉県,JR宇都宮線,139.63214,35.931997,3310804,大宮,東大宮
東大宮,埼玉県,JR宇都宮線,139.640291,35.948751,3370051,土呂,蓮田
蓮田,埼玉県,JR宇都宮線,139.653016,35.981272,3490123,東大宮,白岡
白岡,埼玉県,JR宇都宮線,139.666826,36.01774,3490217,蓮田,新白岡
新白岡,埼玉県,JR宇都宮線,139.67208,36.038732,3490211,白岡,久喜
久喜,埼玉県,JR宇都宮線,139.67727,36.065684,3460003,新白岡,東鷲宮
東鷲宮,埼玉県,JR宇都宮線,139.67913,36.089428,3400206,久喜,栗橋
栗橋,埼玉県,JR宇都宮線,139.694177,36.136852,3491121,東鷲宮,古河
古河,茨城県,JR宇都宮線,139.709726,36.194375,3060023,栗橋,野木
野木,栃木県,JR宇都宮線,139.734729,36.229963,3290111,古河,間々田
間々田,栃木県,JR宇都宮線,139.761039,36.257908,3290211,野木,小山
小山,栃木県,JR宇都宮線,139.806241,36.312747,3230022,間々田,小金井
小金井,栃木県,JR宇都宮線,139.842232,36.374435,3290414,小山,自治医大
自治医大,栃木県,JR宇都宮線,139.854524,36.39543,3290403,小金井,石橋
石橋,栃木県,JR宇都宮線,139.866536,36.43651,3290511,自治医大,雀宮
雀宮,栃木県,JR宇都宮線,139.876811,36.493845,3210132,石橋,宇都宮
宇都宮,栃木県,JR宇都宮線,139.898389,36.559246,3210965,雀宮,岡本
岡本,栃木県,JR宇都宮線,139.944363,36.598182,3291104,宇都宮,宝積寺
宝積寺,栃木県,JR宇都宮線,139.979487,36.631703,3291233,岡本,氏家
氏家,栃木県,JR宇都宮線,139.9621,36.681696,3291311,宝積寺,蒲須坂
蒲須坂,栃木県,JR宇都宮線,139.950461,36.720727,3291332,氏家,片岡
片岡,栃木県,JR宇都宮線,139.945665,36.754557,3291571,蒲須坂,矢板
矢板,栃木県,JR宇都宮線,139.932912,36.80655,3292161,片岡,野崎
野崎,栃木県,JR宇都宮線,139.957752,36.843722,3240036,矢板,西那須野
西那須野,栃木県,JR宇都宮線,139.986383,36.883726,3292726,野崎,那須塩原
那須塩原,栃木県,JR宇都宮線,140.020694,36.931956,3293153,西那須野,黒磯
黒磯,栃木県,JR宇都宮線,140.060204,36.970128,3250056,那須塩原,
品川,東京都,JR山手線,139.738999,35.62876,1080075,高輪ゲートウェイ,大崎
大崎,東京都,JR山手線,139.728439,35.619772,1410032,品川,五反田
五反田,東京都,JR山手線,139.723822,35.625974,1410022,大崎,目黒
目黒,東京都,JR山手線,139.715775,35.633923,1410021,五反田,恵比寿
恵比寿,東京都,JR山手線,139.71007,35.646684,1500013,目黒,渋谷
渋谷,東京都,JR山手線,139.701238,35.658871,1500002,恵比寿,原宿
原宿,東京都,JR山手線,139.702592,35.670646,1500001,渋谷,代々木
代々木,東京都,JR山手線,139.702042,35.683061,1510051,原宿,新宿
新宿,東京都,JR山手線,139.700464,35.689729,1600022,代々木,新大久保
新大久保,東京都,JR山手線,139.700261,35.700875,1690073,新宿,高田馬場
高田馬場,東京都,JR山手線,139.703715,35.712677,1690075,新大久保,目白
目白,東京都,JR山手線,139.706228,35.720476,1710031,高田馬場,池袋
池袋,東京都,JR山手線,139.711085,35.730256,1710021,目白,大塚
大塚,東京都,JR山手線,139.728584,35.731412,1700005,池袋,巣鴨
巣鴨,東京都,JR山手線,139.739303,35.733445,1700002,大塚,駒込
駒込,東京都,JR山手線,139.748053,35.736825,1700003,巣鴨,田端
田端,東京都,JR山手線,139.761229,35.737781,1140013,駒込,西日暮里
西日暮里,東京都,JR山手線,139.766857,35.731954,1160013,田端,日暮里
日暮里,東京都,JR山手線,139.771287,35.727908,1100001,西日暮里,鶯谷
鶯谷,東京都,JR山手線,139.778015,35.721484,1100003,日暮里,上野
上野,東京都,JR山手線,139.777043,35.71379,1100005,鶯谷,御徒町
御徒町,東京都,JR山手線,139.774727,35.707282,1100005,上野,秋葉原
秋葉原,東京都,JR山手線,139.773288,35.698619,1010028,御徒町,神田
神田,東京都,JR山手線,139.770641,35.691173,1010044,秋葉原,東京
東京,東京都,JR山手線,139.766103,35.681391,1000005,神田,有楽町
有楽町,東京都,JR山手線,139.763806,35.675441,1000006,東京,新橋
新橋,東京都,JR山手線,139.758587,35.666195,1050004,有楽町,浜松町
浜松町,東京都,JR山手線,139.757135,35.655391,1050022,新橋,田町
田町,東京都,JR山手線,139.747575,35.645737,1080023,浜松町,高輪ゲートウェイ
高輪ゲートウェイ,東京都,JR山手線,139.740651,35.635476,1080075,田町,品川
北千住,東京都,JR常磐線各駅停車,139.804872,35.749677,1200026,,綾瀬
綾瀬,東京都,JR常磐線各駅停車,139.825019,35.762222,1200005,北千住,亀有
亀有,東京都,JR常磐線各駅停車,139.847573,35.766527,1250061,綾瀬,金町
金町,東京都,JR常磐線各駅停車,139.870482,35.769582,1250042,亀有,松戸
松戸,千葉県,JR常磐線各駅停車,139.900779,35.784472,2710092,金町,北松戸
北松戸,千葉県,JR常磐線各駅停車,139.911528,35.800459,2710064,松戸,馬橋
馬橋,千葉県,JR常磐線各駅停車,139.917305,35.811683,2710051,北松戸,新松戸
新松戸,千葉県,JR常磐線各駅停車,139.921076,35.825467,2700017,馬橋,北小金
北小金,千葉県,JR常磐線各駅停車,139.931303,35.833436,2700014,新松戸,南柏
南柏,千葉県,JR常磐線各駅停車,139.954111,35.844655,2770863,北小金,柏
柏,千葉県,JR常磐線各駅停車,139.971148,35.862316,2770005,南柏,北柏
北柏,千葉県,JR常磐線各駅停車,139.988035,35.875623,2770831,柏,我孫子
我孫子,千葉県,JR常磐線各駅停車,140.010466,35.87279,2701151,北柏,天王台
天王台,千葉県,JR常磐線各駅停車,140.04121,35.872558,2701176,我孫子,取手
取手,茨城県,JR常磐線各駅停車,140.063004,35.89553,3020014,天王台,
上野,東京都,JR常磐線快速,139.777043,35.71379,1100005,,日暮里
日暮里,東京都,JR常磐線快速,139.771287,35.727908,1160013,上野,三河島
三河島,東京都,JR常磐線快速,139.777131,35.733383,1160013,日暮里,南千住
南千住,東京都,JR常磐線快速,139.7994,35.734033,1160003,三河島,北千住
北千住,東京都,JR常磐線快速,139.804872,35.749677,1200026,南千住,松戸
松戸,千葉県,JR常磐線快速,139.900779,35.784472,2710092,北千住,柏
柏,千葉県,JR常磐線快速,139.971148,35.862316,2770005,松戸,我孫子
我孫子,千葉県,JR常磐線快速,140.010466,35.87279,2701151,柏,天王台
天王台,千葉県,JR常磐線快速,140.04121,35.872558,2701176,我孫子,取手
取手,茨城県,JR常磐線快速,140.063004,35.89553,3020014,天王台,
東京,東京都,JR東海道本線,139.766103,35.681391,1000005,,新橋
新橋,東京都,JR東海道本線,139.758587,35.666195,1050004,東京,品川
品川,東京都,JR東海道本線,139.738999,35.62876,1080075,新橋,川崎
川崎,神奈川県,JR東海道本線,139.697485,35.531311,2120013,品川,横浜
横浜,神奈川県,JR東海道本線,139.622704,35.466195,2200011,川崎,戸塚
戸塚,神奈川県,JR東海道本線,139.534282,35.400432,2440003,横浜,大船
大船,神奈川県,JR東海道本線,139.531127,35.353466,2470056,戸塚,藤沢
藤沢,神奈川県,JR東海道本線,139.487293,35.338882,2510052,大船,辻堂
辻堂,神奈川県,JR東海道本線,139.447106,35.336846,2510041,藤沢,茅ヶ崎
茅ヶ崎,神奈川県,JR東海道本線,139.407197,35.330741,2530043,辻堂,平塚
平塚,神奈川県,JR東海道本線,139.349063,35.327647,2540043,茅ヶ崎,大磯
大磯,神奈川県,JR東海道本線,139.313388,35.311299,2550003,平塚,二宮
二宮,神奈川県,JR東海道本線,139.256925,35.298644,2590123,大磯,国府津
国府津,神奈川県,JR東海道本線,139.212932,35.280832,2560812,二宮,鴨宮
鴨宮,神奈川県,JR東海道本線,139.180147,35.275744,2500874,国府津,小田原
小田原,神奈川県,JR東海道本線,139.155772,35.256225,2500011,鴨宮,早川
早川,神奈川県,JR東海道本線,139.145014,35.238875,2500021,小田原,根府川
根府川,神奈川県,JR東海道本線,139.138504,35.202455,2500024,早川,真鶴
真鶴,神奈川県,JR東海道本線,139.132148,35.156837,2590201,根府川,湯河原
湯河原,神奈川県,JR東海道本線,139.102142,35.146178,2590304,真鶴,熱海
熱海,静岡県,JR東海道本線,139.077679,35.103573,4130011,湯河原,函南
函南,静岡県,JR東海道本線,138.970984,35.108773,4190121,熱海,三島
三島,静岡県,JR東海道本線,138.911133,35.126253,4110036,函南,沼津
沼津,静岡県,JR東海道本線,138.860104,35.103011,4100801,三島,片浜
片浜,静岡県,JR東海道本線,138.818937,35.11825,4100875,沼津,原
原,静岡県,JR東海道本線,138.793387,35.124915,4100312,片浜,東田子の浦
東田子の浦,静岡県,JR東海道本線,138.745441,35.136255,4170832,原,吉原
吉原,静岡県,JR東海道本線,138.702768,35.143845,4170011,東田子の浦,富士
富士,静岡県,JR東海道本線,138.651225,35.151497,4160914,吉原,富士川
富士川,静岡県,JR東海道本線,138.618571,35.141119,4213306,富士,新蒲原
新蒲原,静岡県,JR東海道本線,138.608117,35.119599,4213203,富士川,蒲原
蒲原,静岡県,JR東海道本線,138.582752,35.114005,4213214,新蒲原,由比
由比,静岡県,JR東海道本線,138.552756,35.097108,4213111,蒲原,興津
興津,静岡県,JR東海道本線,138.521865,35.052539,4240205,由比,清水
清水,静岡県,JR東海道本線,138.488958,35.023248,4240823,興津,草薙
草薙,静岡県,JR東海道本線,138.442025,35.002854,4240888,清水,東静岡
東静岡,静岡県,JR東海道本線,138.413118,34.985256,4200821,草薙,静岡
静岡,静岡県,JR東海道本線,138.388579,34.971629,4200851,東静岡,安倍川
安倍川,静岡県,JR東海道本線,138.364029,34.940961,4210133,静岡,用宗
用宗,静岡県,JR東海道本線,138.36006,34.922512,4210124,安倍川,焼津
焼津,静岡県,JR東海道本線,138.318457,34.872261,4250027,用宗,西焼津
西焼津,静岡県,JR東海道本線,138.28552,34.859824,4250075,焼津,藤枝
藤枝,静岡県,JR東海道本線,138.252748,34.849511,4260034,西焼津,六合
六合,静岡県,JR東海道本線,138.203502,34.836436,4270019,藤枝,島田
島田,静岡県,JR東海道本線,138.173436,34.830159,4270028,六合,金谷
金谷,静岡県,JR東海道本線,138.125578,34.819049,4280047,島田,菊川
菊川,静岡県,JR東海道本線,138.085648,34.76176,4390006,金谷,掛川
掛川,静岡県,JR東海道本線,138.014937,34.769463,4360029,菊川,愛野
愛野,静岡県,JR東海道本線,137.961663,34.752257,4370031,掛川,袋井
袋井,静岡県,JR東海道本線,137.92596,34.741377,4370023,愛野,御厨
御厨,静岡県,JR東海道本線,137.885315,34.718469,4380038,袋井,磐田
磐田,静岡県,JR東海道本線,137.852244,34.710132,4380078,御厨,豊田町
豊田町,静岡県,JR東海道本線,137.82013,34.7121,4380821,磐田,天竜川
天竜川,静岡県,JR東海道本線,137.77923,34.716994,4350013,豊田町,浜松
浜松,静岡県,JR東海道本線,137.734759,34.703866,4300926,天竜川,高塚
高塚,静岡県,JR東海道本線,137.681303,34.690425,4328065,浜松,舞阪
舞阪,静岡県,JR東海道本線,137.626422,34.685701,4310203,高塚,弁天島
弁天島,静岡県,JR東海道本線,137.603058,34.690125,4310214,舞阪,新居町
新居町,静岡県,JR東海道本線,137.568953,34.694276,4310302,弁天島,鷲津
鷲津,静岡県,JR東海道本線,137.546116,34.716819,4310431,新居町,新所原
新所原,静岡県,JR東海道本線,137.484399,34.723205,4310424,鷲津,二川
二川,愛知県,JR東海道本線,137.438966,34.725809,4413131,新所原,豊橋
豊橋,愛知県,JR東海道本線,137.382128,34.762734,4400075,二川,西小坂井
西小坂井,愛知県,JR東海道本線,137.352499,34.79708,4410105,豊橋,愛知御津
愛知御津,愛知県,JR東海道本線,137.316492,34.812624,4410312,西小坂井,三河大塚
三河大塚,愛知県,JR東海道本線,137.28287,34.815744,4430013,愛知御津,三河三谷
三河三谷,愛知県,JR東海道本線,137.247795,34.818546,4430021,三河大塚,蒲郡
蒲郡,愛知県,JR東海道本線,137.226459,34.823078,4430043,三河三谷,三河塩津
三河塩津,愛知県,JR東海道本線,137.201261,34.825295,4430046,蒲郡,三ヶ根
三ヶ根,愛知県,JR東海道本線,137.176348,34.836449,4440124,三河塩津,幸田
幸田,愛知県,JR東海道本線,137.16447,34.859926,4440116,三ヶ根,相見
相見,愛知県,JR東海道本線,137.160389,34.886833,4440113,幸田,岡崎
岡崎,愛知県,JR東海道本線,137.157243,34.925417,4440813,相見,西岡崎
西岡崎,愛知県,JR東海道本線,137.123187,34.946572,4440938,岡崎,安城
安城,愛知県,JR東海道本線,137.08716,34.959986,4460063,西岡崎,三河安城
三河安城,愛知県,JR東海道本線,137.060918,34.96968,4460054,安城,東刈谷
東刈谷,愛知県,JR東海道本線,137.043525,34.97741,4480807,三河安城,野田新町
野田新町,愛知県,JR東海道本線,137.026355,34.984212,4480862,東刈谷,刈谷
刈谷,愛知県,JR東海道本線,137.008878,34.991156,4480028,野田新町,逢妻
逢妻,愛知県,JR東海道本線,136.990544,34.998215,4480047,刈谷,大府
大府,愛知県,JR東海道本線,136.961727,35.008665,4740025,逢妻,共和
共和,愛知県,JR東海道本線,136.954599,35.035245,4740074,大府,南大高
南大高,愛知県,JR東海道本線,136.948244,35.055403,4598001,共和,大高
大高,愛知県,JR東海道本線,136.940242,35.069244,4598001,南大高,笠寺
笠寺,愛知県,JR東海道本線,136.926321,35.095113,4570832,大高,熱田
熱田,愛知県,JR東海道本線,136.910502,35.130028,4560024,笠寺,金山
金山,愛知県,JR東海道本線,136.90075,35.143323,4600022,熱田,尾頭橋
尾頭橋,愛知県,JR東海道本線,136.89102,35.146981,4540012,金山,名古屋
名古屋,愛知県,JR東海道本線,136.881637,35.170694,4510045,尾頭橋,枇杷島
枇杷島,愛知県,JR東海道本線,136.861816,35.198681,4520063,名古屋,清洲
清洲,愛知県,JR東海道本線,136.834529,35.225406,4928173,枇杷島,稲沢
稲沢,愛知県,JR東海道本線,136.820942,35.252994,4928075,清洲,尾張一宮
尾張一宮,愛知県,JR東海道本線,136.797567,35.301765,4910858,稲沢,木曽川
木曽川,愛知県,JR東海道本線,136.780726,35.349319,4930001,尾張一宮,岐阜
岐阜,岐阜県,JR東海道本線,136.756514,35.409532,5008856,木曽川,西岐阜
西岐阜,岐阜県,JR東海道本線,136.72341,35.404664,5008381,岐阜,穂積
穂積,岐阜県,JR東海道本線,136.693834,35.396345,5010222,西岐阜,大垣
大垣,岐阜県,JR東海道本線,136.618288,35.367096,5030901,穂積,垂井
垂井,岐阜県,JR東海道本線,136.531246,35.369587,5032100,大垣,関ヶ原
関ヶ原,岐阜県,JR東海道本線,136.470451,35.363726,5031501,垂井,柏原
柏原,滋賀県,JR東海道本線,136.402767,35.344592,5210202,関ヶ原,近江長岡
近江長岡,滋賀県,JR東海道本線,136.373775,35.359307,5210242,柏原,醒ヶ井
醒ヶ井,滋賀県,JR東海道本線,136.345135,35.327664,5210035,近江長岡,米原
米原,滋賀県,JR東海道本線,136.289992,35.314657,5210012,醒ヶ井,
荒尾,岐阜県,JR東海道本線,136.583276,35.373454,5030034,大垣,美濃赤坂
美濃赤坂,岐阜県,JR東海道本線,136.582129,35.386677,5032213,荒尾,
東神奈川,神奈川県,JR横浜線,139.633466,35.47804,2210044,,大口
大口,神奈川県,JR横浜線,139.646288,35.492375,2210014,東神奈川,菊名
菊名,神奈川県,JR横浜線,139.630147,35.509749,2220021,大口,新横浜
新横浜,神奈川県,JR横浜線,139.617348,35.506824,2220026,菊名,小机
小机,神奈川県,JR横浜線,139.599787,35.508533,2220036,新横浜,鴨居
鴨居,神奈川県,JR横浜線,139.56707,35.510955,2260003,小机,中山
中山,神奈川県,JR横浜線,139.539692,35.514745,2260013,鴨居,十日市場
十日市場,神奈川県,JR横浜線,139.51669,35.526254,2260025,中山,長津田
長津田,神奈川県,JR横浜線,139.49468,35.531698,2260027,十日市場,成瀬
成瀬,東京都,JR横浜線,139.472875,35.535412,1940045,長津田,町田
町田,東京都,JR横浜線,139.445579,35.542004,1940013,成瀬,古淵
古淵,神奈川県,JR横浜線,139.419151,35.556055,2520344,町田,淵野辺
淵野辺,神奈川県,JR横浜線,139.395075,35.568784,2520233,古淵,矢部
矢部,神奈川県,JR横浜線,139.386373,35.573275,2520232,淵野辺,相模原
相模原,神奈川県,JR横浜線,139.371007,35.58113,2520231,矢部,橋本
橋本,神奈川県,JR横浜線,139.344586,35.594975,2520143,相模原,相原
相原,東京都,JR横浜線,139.33169,35.60694,1940211,橋本,八王子みなみ野
八王子みなみ野,東京都,JR横浜線,139.330678,35.630664,1920916,相原,片倉
片倉,東京都,JR横浜線,139.34119,35.639704,1920914,八王子みなみ野,八王子
八王子,東京都,JR横浜線,139.338998,35.655555,1920083,片倉,
東京,東京都,JR横須賀線,139.766103,35.681391,1000005,,新橋
新橋,東京都,JR横須賀線,139.758587,35.666195,1050004,東京,品川
品川,東京都,JR横須賀線,139.738999,35.62876,1080075,新橋,西大井
西大井,東京都,JR横須賀線,139.721729,35.601616,1420043,品川,武蔵小杉
武蔵小杉,神奈川県,JR横須賀線,139.663278,35.575965,2110005,西大井,新川崎
新川崎,神奈川県,JR横須賀線,139.671481,35.551784,2120058,武蔵小杉,横浜
横浜,神奈川県,JR横須賀線,139.622704,35.466195,2200011,新川崎,保土ヶ谷
保土ヶ谷,神奈川県,JR横須賀線,139.599671,35.446746,2400023,横浜,東戸塚
東戸塚,神奈川県,JR横須賀線,139.556794,35.430353,2440805,保土ヶ谷,戸塚
戸塚,神奈川県,JR横須賀線,139.534282,35.400432,2440003,東戸塚,大船
大船,神奈川県,JR横須賀線,139.531127,35.353466,2470056,戸塚,北鎌倉
北鎌倉,神奈川県,JR横須賀線,139.545134,35.337198,2470062,大船,鎌倉
鎌倉,神奈川県,JR横須賀線,139.550428,35.318793,2480006,北鎌倉,逗子
逗子,神奈川県,JR横須賀線,139.578292,35.297392,2490006,鎌倉,東逗子
東逗子,神奈川県,JR横須賀線,139.601768,35.298781,2490004,逗子,田浦
田浦,神奈川県,JR横須賀線,139.637726,35.29271,2370075,東逗子,横須賀
横須賀,神奈川県,JR横須賀線,139.655855,35.284022,2380045,田浦,衣笠
衣笠,神奈川県,JR横須賀線,139.661193,35.257091,2380031,横須賀,久里浜
久里浜,神奈川県,JR横須賀線,139.700862,35.233107,2390831,衣笠,
府中本町,東京都,JR武蔵野線,139.477142,35.665766,1830027,,北府中
北府中,東京都,JR武蔵野線,139.471792,35.68088,1830057,府中本町,西国分寺
西国分寺,東京都,JR武蔵野線,139.465994,35.699744,1850013,北府中,新小平
新小平,東京都,JR武蔵野線,139.470745,35.73128,1870032,西国分寺,新秋津
新秋津,東京都,JR武蔵野線,139.493592,35.778331,1890001,新小平,東所沢
東所沢,埼玉県,JR武蔵野線,139.513878,35.79461,3590021,新秋津,新座
新座,埼玉県,JR武蔵野線,139.556328,35.80381,3520011,東所沢,北朝霞
北朝霞,埼玉県,JR武蔵野線,139.587322,35.815475,3510033,新座,西浦和
西浦和,埼玉県,JR武蔵野線,139.627707,35.844139,3380837,北朝霞,武蔵浦和
武蔵浦和,埼玉県,JR武蔵野線,139.647974,35.846047,3360021,西浦和,南浦和
南浦和,埼玉県,JR武蔵野線,139.669125,35.847648,3360017,武蔵浦和,東浦和
東浦和,埼玉県,JR武蔵野線,139.704627,35.864079,3360926,南浦和,東川口
東川口,埼玉県,JR武蔵野線,139.744087,35.875246,3330811,東浦和,南越谷
南越谷,埼玉県,JR武蔵野線,139.790499,35.876106,3430845,東川口,越谷レイクタウン
越谷レイクタウン,埼玉県,JR武蔵野線,139.820219,35.87622,3430825,南越谷,吉川
吉川,埼玉県,JR武蔵野線,139.843162,35.87662,3420045,越谷レイクタウン,吉川美南
吉川美南,埼玉県,JR武蔵野線,139.858167,35.868056,3420033,吉川,新三郷
新三郷,埼玉県,JR武蔵野線,139.869341,35.858667,3410012,吉川美南,三郷
三郷,埼玉県,JR武蔵野線,139.886341,35.845004,3410024,新三郷,南流山
南流山,千葉県,JR武蔵野線,139.903865,35.838035,2700163,三郷,新松戸
新松戸,千葉県,JR武蔵野線,139.921076,35.825467,2700017,南流山,新八柱
新八柱,千葉県,JR武蔵野線,139.938393,35.792013,2702253,新松戸,東松戸
東松戸,千葉県,JR武蔵野線,139.943848,35.770611,2702221,新八柱,市川大野
市川大野,千葉県,JR武蔵野線,139.951227,35.755432,2720805,東松戸,船橋法典
船橋法典,千葉県,JR武蔵野線,139.966771,35.730435,2730047,市川大野,西船橋
西船橋,千葉県,JR武蔵野線,139.959536,35.707283,2730025,船橋法典,
大宮,埼玉県,JR湘南新宿ライン,139.62405,35.906439,3300853,,浦和
浦和,埼玉県,JR湘南新宿ライン,139.657109,35.858496,3300063,大宮,赤羽
赤羽,東京都,JR湘南新宿ライン,139.720928,35.778026,1150045,浦和,池袋
池袋,東京都,JR湘南新宿ライン,139.711085,35.730256,1710021,赤羽,新宿
新宿,東京都,JR湘南新宿ライン,139.700464,35.689729,1600022,池袋,渋谷
渋谷,東京都,JR湘南新宿ライン,139.701238,35.658871,1500002,新宿,恵比寿
恵比寿,東京都,JR湘南新宿ライン,139.71007,35.646684,1500013,渋谷,大崎
大崎,東京都,JR湘南新宿ライン,139.728439,35.619772,1410032,恵比寿,西大井
西大井,東京都,JR湘南新宿ライン,139.721729,35.601616,1420043,大崎,武蔵小杉
武蔵小杉,神奈川県,JR湘南新宿ライン,139.65963,35.57669,2110005,西大井,新川崎
新川崎,神奈川県,JR湘南新宿ライン,139.671481,35.551784,2120058,武蔵小杉,横浜
横浜,神奈川県,JR湘南新宿ライン,139.622704,35.466195,2200011,新川崎,保土ヶ谷
保土ヶ谷,神奈川県,JR湘南新宿ライン,139.599671,35.446746,2400023,横浜,東戸塚
東戸塚,神奈川県,JR湘南新宿ライン,139.556794,35.430353,2440805,保土ヶ谷,戸塚
戸塚,神奈川県,JR湘南新宿ライン,139.534282,35.400432,2440003,東戸塚,大船
大船,神奈川県,JR湘南新宿ライン,139.531127,35.353466,2470056,戸塚,
三鷹,東京都,JR総武線,139.560325,35.702683,1810013,,吉祥寺
吉祥寺,東京都,JR総武線,139.579765,35.703119,1800003,三鷹,西荻窪
西荻窪,東京都,JR総武線,139.599361,35.703842,1670042,吉祥寺,荻窪
荻窪,東京都,JR総武線,139.620109,35.704523,1670043,西荻窪,阿佐ケ谷
阿佐ケ谷,東京都,JR総武線,139.635868,35.704818,1660004,荻窪,高円寺
高円寺,東京都,JR総武線,139.649664,35.705327,1660003,阿佐ケ谷,中野
中野,東京都,JR総武線,139.665835,35.705765,1640001,高円寺,東中野
東中野,東京都,JR総武線,139.684436,35.706529,1640003,中野,大久保
大久保,東京都,JR総武線,139.69732,35.700784,1690073,東中野,新宿
新宿,東京都,JR総武線,139.700464,35.689729,1600022,大久保,代々木
代々木,東京都,JR総武線,139.702042,35.683061,1510051,新宿,千駄ケ谷
千駄ケ谷,東京都,JR総武線,139.711644,35.681231,1510051,代々木,信濃町
信濃町,東京都,JR総武線,139.720729,35.680031,1600012,千駄ケ谷,四ツ谷
四ツ谷,東京都,JR総武線,139.730644,35.686041,1020083,信濃町,市ヶ谷
市ヶ谷,東京都,JR総武線,139.735794,35.692594,1020076,四ツ谷,飯田橋
飯田橋,東京都,JR総武線,139.745143,35.701835,1020072,市ヶ谷,水道橋
水道橋,東京都,JR総武線,139.754312,35.702039,1010061,飯田橋,御茶ノ水
御茶ノ水,東京都,JR総武線,139.764955,35.699604,1010062,水道橋,秋葉原
秋葉原,東京都,JR総武線,139.773288,35.698619,1010028,御茶ノ水,浅草橋
浅草橋,東京都,JR総武線,139.784427,35.697403,1110053,秋葉原,両国
両国,東京都,JR総武線,139.793334,35.69579,1300015,浅草橋,錦糸町
錦糸町,東京都,JR総武線,139.814136,35.696802,1300013,両国,亀戸
亀戸,東京都,JR総武線,139.826262,35.697345,1360071,錦糸町,平井
平井,東京都,JR総武線,139.842181,35.70643,1320035,亀戸,新小岩
新小岩,東京都,JR総武線,139.857777,35.716903,1240024,平井,小岩
小岩,東京都,JR総武線,139.881755,35.733207,1330056,新小岩,市川
市川,千葉県,JR総武線,139.908142,35.728903,2720033,小岩,本八幡
本八幡,千葉県,JR総武線,139.92741,35.720898,2720021,市川,下総中山
下総中山,千葉県,JR総武線,139.943092,35.714276,2730035,本八幡,西船橋
西船橋,千葉県,JR総武線,139.959536,35.707283,2730025,下総中山,船橋
船橋,千葉県,JR総武線,139.984707,35.701865,2730005,西船橋,東船橋
東船橋,千葉県,JR総武線,140.00393,35.699811,2730002,船橋,津田沼
津田沼,千葉県,JR総武線,140.020179,35.691367,2750016,東船橋,幕張本郷
幕張本郷,千葉県,JR総武線,140.042241,35.672664,2620033,津田沼,幕張
幕張,千葉県,JR総武線,140.0579,35.6594,2620032,幕張本郷,新検見川
新検見川,千葉県,JR総武線,140.073025,35.65169,2620022,幕張,稲毛
稲毛,千葉県,JR総武線,140.09256,35.637264,2630043,新検見川,西千葉
西千葉,千葉県,JR総武線,140.103337,35.622639,2600033,稲毛,千葉
千葉,千葉県,JR総武線,140.112837,35.613425,2600031,西千葉,
東京,東京都,JR総武線快速,139.766103,35.681391,1000005,,新日本橋
新日本橋,東京都,JR総武線快速,139.77323,35.688687,1030023,東京,馬喰町
馬喰町,東京都,JR総武線快速,139.78238,35.693365,1030002,新日本橋,錦糸町
錦糸町,東京都,JR総武線快速,139.814136,35.696802,1300013,馬喰町,新小岩
新小岩,東京都,JR総武線快速,139.857777,35.716903,1240024,錦糸町,市川
市川,千葉県,JR総武線快速,139.908142,35.728903,2720033,新小岩,船橋
船橋,千葉県,JR総武線快速,139.984707,35.701865,2730005,市川,津田沼
津田沼,千葉県,JR総武線快速,140.020179,35.691367,2750016,船橋,稲毛
稲毛,千葉県,JR総武線快速,140.09256,35.637264,2630043,津田沼,千葉
千葉,千葉県,JR総武線快速,140.112837,35.613425,2600031,稲毛,
立川,東京都,JR青梅線,139.413704,35.698202,1900012,,西立川
西立川,東京都,JR青梅線,139.393556,35.703526,1960032,立川,東中神
東中神,東京都,JR青梅線,139.384529,35.706337,1960031,西立川,中神
中神,東京都,JR青梅線,139.375816,35.709058,1960022,東中神,昭島
昭島,東京都,JR青梅線,139.361564,35.713305,1960015,中神,拝島
拝島,東京都,JR青梅線,139.343468,35.721278,1970003,昭島,牛浜
牛浜,東京都,JR青梅線,139.333677,35.734547,1970024,拝島,福生
福生,東京都,JR青梅線,139.327763,35.742456,1970011,牛浜,羽村
羽村,東京都,JR青梅線,139.316188,35.758073,2050014,福生,小作
小作,東京都,JR青梅線,139.302233,35.776048,2050001,羽村,河辺
河辺,東京都,JR青梅線,139.284032,35.78473,1980036,小作,東青梅
東青梅,東京都,JR青梅線,139.272841,35.789768,1980042,河辺,青梅
青梅,東京都,JR青梅線,139.258096,35.790512,1980083,東青梅,宮ノ平
宮ノ平,東京都,JR青梅線,139.237289,35.787545,1980046,青梅,日向和田
日向和田,東京都,JR青梅線,139.229515,35.788665,1980046,宮ノ平,石神前
石神前,東京都,JR青梅線,139.225096,35.79683,1980171,日向和田,二俣尾
二俣尾,東京都,JR青梅線,139.216161,35.803945,1980171,石神前,軍畑
軍畑,東京都,JR青梅線,139.207431,35.807382,1980172,二俣尾,沢井
沢井,東京都,JR青梅線,139.193324,35.80594,1980172,軍畑,御嶽
御嶽,東京都,JR青梅線,139.182589,35.801468,1980173,沢井,川井
川井,東京都,JR青梅線,139.16429,35.813697,1980102,御嶽,古里
古里,東京都,JR青梅線,139.152102,35.816247,1980105,川井,鳩ノ巣
鳩ノ巣,東京都,JR青梅線,139.128932,35.815127,1980106,古里,白丸
白丸,東京都,JR青梅線,139.114861,35.811735,1980107,鳩ノ巣,奥多摩
奥多摩,東京都,JR青梅線,139.096961,35.809357,1980212,白丸,
上野,東京都,JR高崎線,139.777043,35.71379,1100005,,尾久
尾久,東京都,JR高崎線,139.753846,35.74683,1140016,上野,赤羽
赤羽,東京都,JR高崎線,139.720928,35.778026,1150045,尾久,浦和
浦和,埼玉県,JR高崎線,139.657109,35.858496,3300063,赤羽,さいたま新都心
さいたま新都心,埼玉県,JR高崎線,139.633587,35.893867,3300843,浦和,大宮
大宮,埼玉県,JR高崎線,139.62405,35.906439,3300853,さいたま新都心,宮原
宮原,埼玉県,JR高崎線,139.609455,35.940256,3310812,大宮,上尾
上尾,埼玉県,JR高崎線,139.588434,35.973522,3620075,宮原,北上尾
北上尾,埼玉県,JR高崎線,139.577223,35.985632,3620016,上尾,桶川
桶川,埼玉県,JR高崎線,139.564274,35.998375,3630022,北上尾,北本
北本,埼玉県,JR高崎線,139.533591,36.032112,3640006,桶川,鴻巣
鴻巣,埼玉県,JR高崎線,139.509552,36.0592,3650055,北本,北鴻巣
北鴻巣,埼玉県,JR高崎線,139.476894,36.085529,3650064,鴻巣,吹上
吹上,埼玉県,JR高崎線,139.45312,36.103062,3690122,北鴻巣,行田
行田,埼玉県,JR高崎線,139.432103,36.113879,3610047,吹上,熊谷
熊谷,埼玉県,JR高崎線,139.389528,36.139627,3600037,行田,籠原
籠原,埼玉県,JR高崎線,139.330199,36.17448,3600841,熊谷,深谷
深谷,埼玉県,JR高崎線,139.28127,36.191343,3660824,籠原,岡部
岡部,埼玉県,JR高崎線,139.237622,36.205645,3690201,深谷,本庄
本庄,埼玉県,JR高崎線,139.188299,36.236229,3670041,岡部,神保原
神保原,埼玉県,JR高崎線,139.149172,36.25359,3690305,本庄,新町
新町,群馬県,JR高崎線,139.105457,36.272984,3701301,神保原,倉賀野
倉賀野,群馬県,JR高崎線,139.049474,36.300216,3701201,新町,高崎
高崎,群馬県,JR高崎線,139.012354,36.322239,3700849,倉賀野,
秋葉原,東京都,つくばエクスプレス線,139.774273,35.698889,1010028,,新御徒町
新御徒町,東京都,つくばエクスプレス線,139.781958,35.707045,1110041,秋葉原,浅草
浅草,東京都,つくばエクスプレス線,139.792389,35.713817,1110032,新御徒町,南千住
南千住,東京都,つくばエクスプレス線,139.798783,35.732413,1160003,浅草,北千住
北千住,東京都,つくばエクスプレス線,139.805092,35.74949,1200026,南千住,青井
青井,東京都,つくばエクスプレス線,139.82038,35.771782,1200012,北千住,六町
六町,東京都,つくばエクスプレス線,139.821816,35.784963,1210073,青井,八潮
八潮,埼玉県,つくばエクスプレス線,139.845017,35.807905,3400822,六町,三郷中央
三郷中央,埼玉県,つくばエクスプレス線,139.878344,35.824514,3410032,八潮,南流山
南流山,千葉県,つくばエクスプレス線,139.903271,35.83869,2700163,三郷中央,流山セントラルパーク
流山セントラルパーク,千葉県,つくばエクスプレス線,139.915223,35.854552,2700152,南流山,流山おおたかの森
流山おおたかの森,千葉県,つくばエクスプレス線,139.925044,35.871799,2700121,流山セントラルパーク,柏の葉キャンパス
柏の葉キャンパス,千葉県,つくばエクスプレス線,139.952454,35.89308,2770871,流山おおたかの森,柏たなか
柏たなか,千葉県,つくばエクスプレス線,139.957533,35.9109,2770803,柏の葉キャンパス,守谷
守谷,茨城県,つくばエクスプレス線,139.992209,35.950626,3020115,柏たなか,みらい平
みらい平,茨城県,つくばエクスプレス線,140.038555,35.99514,3002416,守谷,みどりの
みどりの,茨城県,つくばエクスプレス線,140.056276,36.03025,3050882,みらい平,万博記念公園
万博記念公園,茨城県,つくばエクスプレス線,140.059256,36.05841,3002658,みどりの,研究学園
研究学園,茨城県,つくばエクスプレス線,140.082256,36.0821,3050817,万博記念公園,つくば
つくば,茨城県,つくばエクスプレス線,140.110604,36.0825,3050031,研究学園,
東京,東京都,上越新幹線,139.766103,35.681391,1000005,,上野
上野,東京都,上越新幹線,139.777043,35.71379,1100005,東京,大宮
大宮,埼玉県,上越新幹線,139.62405,35.906439,3300853,上野,熊谷
熊谷,埼玉県,上越新幹線,139.389528,36.139627,3600036,大宮,本庄早稲田
本庄早稲田,埼玉県,上越新幹線,139.179682,36.218758,3670031,熊谷,高崎
高崎,群馬県,上越新幹線,139.012354,36.322239,3700849,本庄早稲田,上毛高原
上毛高原,群馬県,上越新幹線,138.977572,36.69317,3791313,高崎,越後湯沢
越後湯沢,新潟県,上越新幹線,138.809227,36.935799,9496101,上毛高原,浦佐
浦佐,新潟県,上越新幹線,138.922798,37.167488,9497302,越後湯沢,長岡
長岡,新潟県,上越新幹線,138.853927,37.447787,9400061,浦佐,燕三条
燕三条,新潟県,上越新幹線,138.939274,37.648824,9550092,長岡,新潟
新潟,新潟県,上越新幹線,139.060869,37.912299,9500086,燕三条,
押上,東京都,京成押上線,139.812935,35.710702,1310045,,京成曳舟
京成曳舟,東京都,京成押上線,139.820012,35.718441,1310046,押上,八広
八広,東京都,京成押上線,139.828738,35.727687,1310041,京成曳舟,四ツ木
四ツ木,東京都,京成押上線,139.834918,35.731962,1240011,八広,京成立石
京成立石,東京都,京成押上線,139.848558,35.738281,1240012,四ツ木,青砥
青砥,東京都,京成押上線,139.856292,35.745883,1250062,京成立石,京成高砂
京成高砂,東京都,京成押上線,139.866875,35.750932,1250054,青砥,
京成上野,東京都,京成本線,139.773571,35.711232,1100007,,日暮里
日暮里,東京都,京成本線,139.771287,35.727908,1160013,京成上野,新三河島
新三河島,東京都,京成本線,139.773834,35.73714,1160013,日暮里,町屋
町屋,東京都,京成本線,139.781499,35.742354,1160002,新三河島,千住大橋
千住大橋,東京都,京成本線,139.796934,35.74243,1200038,町屋,京成関屋
京成関屋,東京都,京成本線,139.81183,35.744008,1200023,千住大橋,堀切菖蒲園
堀切菖蒲園,東京都,京成本線,139.827545,35.747649,1240006,京成関屋,お花茶屋
お花茶屋,東京都,京成本線,139.83988,35.747585,1240005,堀切菖蒲園,青砥
青砥,東京都,京成本線,139.856292,35.745883,1250062,お花茶屋,京成高砂
京成高砂,東京都,京成本線,139.866875,35.750932,1250054,青砥,京成小岩
京成小岩,東京都,京成本線,139.88371,35.742158,1330051,京成高砂,江戸川
江戸川,東京都,京成本線,139.896226,35.737723,1330051,京成小岩,国府台
国府台,千葉県,京成本線,139.90322,35.736301,2720034,江戸川,市川真間
市川真間,千葉県,京成本線,139.911717,35.73121,2720826,国府台,菅野
菅野,千葉県,京成本線,139.919413,35.728272,2720824,市川真間,京成八幡
京成八幡,千葉県,京成本線,139.92816,35.723811,2720021,菅野,鬼越
鬼越,千葉県,京成本線,139.937932,35.719776,2720022,京成八幡,京成中山
京成中山,千葉県,京成本線,139.944203,35.716998,2730035,鬼越,東中山
東中山,千葉県,京成本線,139.952683,35.714385,2730036,京成中山,京成西船
京成西船,千葉県,京成本線,139.958863,35.711627,2730039,東中山,海神
海神,千葉県,京成本線,139.971888,35.705888,2730021,京成西船,京成船橋
京成船橋,千葉県,京成本線,139.985451,35.700161,2730005,海神,大神宮下
大神宮下,千葉県,京成本線,139.991431,35.693945,2730003,京成船橋,船橋競馬場
船橋競馬場,千葉県,京成本線,139.997998,35.689606,2730003,大神宮下,谷津
谷津,千葉県,京成本線,140.007658,35.685257,2750026,船橋競馬場,京成津田沼
京成津田沼,千葉県,京成本線,140.024823,35.68364,2750016,谷津,京成大久保
京成大久保,千葉県,京成本線,140.048629,35.686016,2750011,京成津田沼,実籾
実籾,千葉県,京成本線,140.068289,35.686852,2750002,京成大久保,八千代台
八千代台,千葉県,京成本線,140.090942,35.701465,2760031,実籾,京成大和田
京成大和田,千葉県,京成本線,140.108578,35.712309,2760045,八千代台,勝田台
勝田台,千葉県,京成本線,140.126053,35.715445,2760024,京成大和田,志津
志津,千葉県,京成本線,140.144982,35.717406,2850846,勝田台,ユーカリが丘
ユーカリが丘,千葉県,京成本線,140.156354,35.721801,2850858,志津,京成臼井
京成臼井,千葉県,京成本線,140.180796,35.730017,2850864,ユーカリが丘,京成佐倉
京成佐倉,千葉県,京成本線,140.229633,35.725205,2850014,京成臼井,大佐倉
大佐倉,千葉県,京成本線,140.25079,35.729908,2850041,京成佐倉,京成酒々井
京成酒々井,千葉県,京成本線,140.270132,35.736867,2850921,大佐倉,宗吾参道
宗吾参道,千葉県,京成本線,140.280975,35.752669,2850907,京成酒々井,公津の杜
公津の杜,千葉県,京成本線,140.294904,35.760446,2860048,宗吾参道,京成成田
京成成田,千葉県,京成本線,140.315473,35.776308,2860033,公津の杜,空港第2ビル
空港第2ビル,千葉県,京成本線,140.387163,35.773693,2860104,京成成田,成田空港
成田空港,千葉県,京成本線,140.384644,35.763983,2860104,空港第2ビル,
京成高砂,東京都,京成金町線,139.866875,35.750932,1250054,,柴又
柴又,東京都,京成金町線,139.875188,35.756323,1250052,京成高砂,京成金町
京成金町,東京都,京成金町線,139.870387,35.768471,1250042,柴又,
京成高砂,東京都,京成成田空港線,139.866875,35.750932,1250054,,東松戸
東松戸,千葉県,京成成田空港線,139.942957,35.769954,2702221,京成高砂,新鎌ヶ谷
新鎌ヶ谷,千葉県,京成成田空港線,139.998361,35.779481,2730121,東松戸,千葉ニュータウン中央
千葉ニュータウン中央,千葉県,京成成田空港線,140.116159,35.800175,2701354,新鎌ヶ谷,印旛日本医大
印旛日本医大,千葉県,京成成田空港線,140.203112,35.787512,2701609,千葉ニュータウン中央,成田湯川
成田湯川,千葉県,京成成田空港線,140.291596,35.799115,2860846,印旛日本医大,空港第2ビル
空港第2ビル,千葉県,京成成田空港線,140.387163,35.773693,2860104,成田湯川,成田空港
成田空港,千葉県,京成成田空港線,140.384644,35.763983,2860104,空港第2ビル,
泉岳寺,東京都,京浜急行本線,139.74002,35.638692,1080074,,品川
品川,東京都,京浜急行本線,139.73809,35.628284,1080075,泉岳寺,北品川
北品川,東京都,京浜急行本線,139.739191,35.622458,1400001,品川,新馬場
新馬場,東京都,京浜急行本線,139.741366,35.61762,1400001,北品川,青物横丁
青物横丁,東京都,京浜急行本線,139.742958,35.609351,1400004,新馬場,鮫洲
鮫洲,東京都,京浜急行本線,139.742227,35.604977,1400011,青物横丁,立会川
立会川,東京都,京浜急行本線,139.738886,35.598489,1400011,鮫洲,大森海岸
大森海岸,東京都,京浜急行本線,139.73544,35.587576,1400013,立会川,平和島
平和島,東京都,京浜急行本線,139.73491,35.57868,1430016,大森海岸,大森町
大森町,東京都,京浜急行本線,139.732027,35.572431,1430015,平和島,梅屋敷
梅屋敷,東京都,京浜急行本線,139.728266,35.566873,1440052,大森町,京急蒲田
京急蒲田,東京都,京浜急行本線,139.723681,35.560796,1440052,梅屋敷,雑色
雑色,東京都,京浜急行本線,139.715005,35.549725,1440055,京急蒲田,六郷土手
六郷土手,東京都,京浜急行本線,139.7076,35.540577,1440055,雑色,京急川崎
京急川崎,神奈川県,京浜急行本線,139.700893,35.53285,2100007,六郷土手,八丁畷
八丁畷,神奈川県,京浜急行本線,139.691346,35.523054,2100022,京急川崎,鶴見市場
鶴見市場,神奈川県,京浜急行本線,139.68642,35.517594,2300022,八丁畷,京急鶴見
京急鶴見,神奈川県,京浜急行本線,139.677743,35.507032,2300051,鶴見市場,花月総持寺
花月総持寺,神奈川県,京浜急行本線,139.672813,35.500358,2300052,京急鶴見,生麦
生麦,神奈川県,京浜急行本線,139.6673,35.4956,2300052,花月総持寺,京急新子安
京急新子安,神奈川県,京浜急行本線,139.655848,35.487242,2210021,生麦,子安
子安,神奈川県,京浜急行本線,139.644965,35.484556,2210021,京急新子安,神奈川新町
神奈川新町,神奈川県,京浜急行本線,139.640152,35.481559,2210041,子安,京急東神奈川
京急東神奈川,神奈川県,京浜急行本線,139.634669,35.477412,2210044,神奈川新町,神奈川
神奈川,神奈川県,京浜急行本線,139.627364,35.471304,2210057,京急東神奈川,横浜
横浜,神奈川県,京浜急行本線,139.623055,35.466066,2200011,神奈川,戸部
戸部,神奈川県,京浜急行本線,139.61956,35.456631,2200041,横浜,日ノ出町
日ノ出町,神奈川県,京浜急行本線,139.626696,35.445524,2310066,戸部,黄金町
黄金町,神奈川県,京浜急行本線,139.62246,35.439694,2320005,日ノ出町,南太田
南太田,神奈川県,京浜急行本線,139.613408,35.436923,2320006,黄金町,井土ヶ谷
井土ヶ谷,神奈川県,京浜急行本線,139.60061,35.433895,2320052,南太田,弘明寺
弘明寺,神奈川県,京浜急行本線,139.596791,35.42437,2320067,井土ヶ谷,上大岡
上大岡,神奈川県,京浜急行本線,139.596552,35.409418,2330002,弘明寺,屏風浦
屏風浦,神奈川県,京浜急行本線,139.610387,35.394176,2350023,上大岡,杉田
杉田,神奈川県,京浜急行本線,139.615734,35.383796,2350033,屏風浦,京急富岡
京急富岡,神奈川県,京浜急行本線,139.629772,35.366743,2360052,杉田,能見台
能見台,神奈川県,京浜急行本線,139.629233,35.360528,2360053,京急富岡,金沢文庫
金沢文庫,神奈川県,京浜急行本線,139.621606,35.342966,2360016,能見台,金沢八景
金沢八景,神奈川県,京浜急行本線,139.62018,35.331223,2360027,金沢文庫,追浜
追浜,神奈川県,京浜急行本線,139.624905,35.315461,2370068,金沢八景,京急田浦
京急田浦,神奈川県,京浜急行本線,139.625252,35.300892,2370076,追浜,安針塚
安針塚,神奈川県,京浜急行本線,139.64292,35.286641,2370072,京急田浦,逸見
逸見,神奈川県,京浜急行本線,139.653149,35.28048,2380045,安針塚,汐入
汐入,神奈川県,京浜急行本線,139.662443,35.280241,2380042,逸見,横須賀中央
横須賀中央,神奈川県,京浜急行本線,139.670217,35.27858,2380007,汐入,県立大学
県立大学,神奈川県,京浜急行本線,139.677033,35.269731,2380012,横須賀中央,堀ノ内
堀ノ内,神奈川県,京浜急行本線,139.686932,35.26322,2380014,県立大学,京急大津
京急大津,神奈川県,京浜急行本線,139.695334,35.261068,2390808,堀ノ内,馬堀海岸
馬堀海岸,神奈川県,京浜急行本線,139.707328,35.259651,2390802,京急大津,浦賀
浦賀,神奈川県,京浜急行本線,139.714999,35.250933,2390822,馬堀海岸,
京急蒲田,東京都,京浜急行空港線,139.723681,35.560796,1440052,,糀谷
糀谷,東京都,京浜急行空港線,139.72962,35.5545,1440034,京急蒲田,大鳥居
大鳥居,東京都,京浜急行空港線,139.739356,35.552531,1440034,糀谷,穴守稲荷
穴守稲荷,東京都,京浜急行空港線,139.746669,35.550326,1440043,大鳥居,天空橋
天空橋,東京都,京浜急行空港線,139.75423,35.548908,1440041,穴守稲荷,羽田空港第3ターミナル
羽田空港第3ターミナル,東京都,京浜急行空港線,139.768968,35.544676,1440041,天空橋,羽田空港第1・第2ターミナル
羽田空港第1・第2ターミナル,東京都,京浜急行空港線,139.785962,35.549809,1440041,羽田空港第3ターミナル,
新宿,東京都,京王線,139.699187,35.690163,1600023,,笹塚
笹塚,東京都,京王線,139.667251,35.673758,1510073,新宿,代田橋
代田橋,東京都,京王線,139.659413,35.671092,1560041,笹塚,明大前
明大前,東京都,京王線,139.650352,35.668758,1560043,代田橋,下高井戸
下高井戸,東京都,京王線,139.641372,35.66615,1560043,明大前,桜上水
桜上水,東京都,京王線,139.63129,35.66768,1560045,下高井戸,上北沢
上北沢,東京都,京王線,139.62329,35.668857,1560057,桜上水,八幡山
八幡山,東京都,京王線,139.614927,35.669982,1680074,上北沢,芦花公園
芦花公園,東京都,京王線,139.608247,35.670479,1570062,八幡山,千歳烏山
千歳烏山,東京都,京王線,139.60067,35.667921,1570062,芦花公園,仙川
仙川,東京都,京王線,139.584908,35.662257,1820002,千歳烏山,つつじヶ丘
つつじヶ丘,東京都,京王線,139.575103,35.657936,1820006,仙川,柴崎
柴崎,東京都,京王線,139.56658,35.653997,1820007,つつじヶ丘,国領
国領,東京都,京王線,139.558036,35.650087,1820022,柴崎,布田
布田,東京都,京王線,139.551557,35.649904,1820022,国領,調布
調布,東京都,京王線,139.543988,35.652181,1820024,布田,西調布
西調布,東京都,京王線,139.529822,35.657169,1820035,調布,飛田給
飛田給,東京都,京王線,139.523666,35.660121,1820036,西調布,武蔵野台
武蔵野台,東京都,京王線,139.511289,35.664159,1830011,飛田給,多磨霊園
多磨霊園,東京都,京王線,139.502615,35.666197,1830015,武蔵野台,東府中
東府中,東京都,京王線,139.495257,35.668766,1830015,多磨霊園,府中
府中,東京都,京王線,139.4799,35.672245,1830023,東府中,分倍河原
分倍河原,東京都,京王線,139.468798,35.668493,1830021,府中,中河原
中河原,東京都,京王線,139.457602,35.659549,1830034,分倍河原,聖蹟桜ヶ丘
聖蹟桜ヶ丘,東京都,京王線,139.446979,35.650814,2060011,中河原,百草園
百草園,東京都,京王線,139.431285,35.657362,1910033,聖蹟桜ヶ丘,高幡不動
高幡不動,東京都,京王線,139.412953,35.662361,1910031,百草園,南平
南平,東京都,京王線,139.392008,35.654559,1910041,高幡不動,平山城址公園
平山城址公園,東京都,京王線,139.379926,35.647371,1910043,南平,長沼
長沼,東京都,京王線,139.365849,35.642788,1920907,平山城址公園,北野
北野,東京都,京王線,139.354489,35.644479,1920911,長沼,京王八王子
京王八王子,東京都,京王線,139.343851,35.657416,1920046,北野,
新線新宿,東京都,京王新線,139.698812,35.68869,1600023,,初台
初台,東京都,京王新線,139.686354,35.68123,1510061,新線新宿,幡ヶ谷
幡ヶ谷,東京都,京王新線,139.676183,35.677061,1510072,初台,笹塚
笹塚,東京都,京王新線,139.667251,35.673758,1510073,幡ヶ谷,
渋谷,東京都,京王井の頭線,139.700872,35.6587,1500043,,神泉
神泉,東京都,京王井の頭線,139.693579,35.657244,1500045,渋谷,駒場東大前
駒場東大前,東京都,京王井の頭線,139.684308,35.65868,1530041,神泉,池ノ上
池ノ上,東京都,京王井の頭線,139.67344,35.660402,1550032,駒場東大前,下北沢
下北沢,東京都,京王井の頭線,139.66691,35.661539,1550031,池ノ上,新代田
新代田,東京都,京王井の頭線,139.660524,35.662593,1550033,下北沢,東松原
東松原,東京都,京王井の頭線,139.655535,35.662634,1560043,新代田,明大前
明大前,東京都,京王井の頭線,139.650352,35.668758,1560043,東松原,永福町
永福町,東京都,京王井の頭線,139.642733,35.67629,1680064,明大前,西永福
西永福,東京都,京王井の頭線,139.634936,35.678918,1680064,永福町,浜田山
浜田山,東京都,京王井の頭線,139.627528,35.681603,1680065,西永福,高井戸
高井戸,東京都,京王井の頭線,139.615115,35.683253,1680071,浜田山,富士見ヶ丘
富士見ヶ丘,東京都,京王井の頭線,139.607072,35.684805,1680082,高井戸,久我山
久我山,東京都,京王井の頭線,139.599211,35.688138,1680082,富士見ヶ丘,三鷹台
三鷹台,東京都,京王井の頭線,139.589298,35.692046,1810001,久我山,井の頭公園
井の頭公園,東京都,京王井の頭線,139.583112,35.697304,1810001,三鷹台,吉祥寺
吉祥寺,東京都,京王井の頭線,139.580306,35.702291,1800003,井の頭公園,
調布,東京都,京王相模原線,139.543988,35.652181,1820024,,京王多摩川
京王多摩川,東京都,京王相模原線,139.536606,35.644499,1820025,調布,京王稲田堤
京王稲田堤,神奈川県,京王相模原線,139.531099,35.633895,2140001,京王多摩川,京王よみうりランド
京王よみうりランド,東京都,京王相模原線,139.517597,35.632934,2060812,京王稲田堤,稲城
稲城,東京都,京王相模原線,139.500398,35.636166,2060802,京王よみうりランド,若葉台
若葉台,神奈川県,京王相模原線,139.472189,35.619325,2150035,稲城,京王永山
京王永山,東京都,京王相模原線,139.448204,35.630102,2060025,若葉台,京王多摩センター
京王多摩センター,東京都,京王相模原線,139.42402,35.62518,2060033,京王永山,京王堀之内
京王堀之内,東京都,京王相模原線,139.400314,35.624438,1920355,京王多摩センター,南大沢
南大沢,東京都,京王相模原線,139.3798,35.6141,1920364,京王堀之内,多摩境
多摩境,東京都,京王相模原線,139.366987,35.601826,1940215,南大沢,橋本
橋本,神奈川県,京王相模原線,139.343226,35.595518,2520143,多摩境,
北野,東京都,京王高尾線,139.354489,35.644479,1920911,,京王片倉
京王片倉,東京都,京王高尾線,139.337035,35.644343,1920914,北野,山田
山田,東京都,京王高尾線,139.321082,35.644411,1930932,京王片倉,めじろ台
めじろ台,東京都,京王高尾線,139.308446,35.643601,1930833,山田,狭間
狭間,東京都,京王高尾線,139.293808,35.640637,1930834,めじろ台,高尾
高尾,東京都,京王高尾線,139.281551,35.641645,1930845,狭間,高尾山口
高尾山口,東京都,京王高尾線,139.269856,35.632377,1930844,高尾,
高幡不動,東京都,京王動物園線,139.412953,35.662361,1910031,,多摩動物公園
多摩動物公園,東京都,京王動物園線,139.404627,35.649215,1910042,高幡不動,
東府中,東京都,京王競馬場線,139.495257,35.668766,1830015,,府中競馬正門前
府中競馬正門前,東京都,京王競馬場線,139.485019,35.668288,1830016,東府中,
京成高砂,東京都,北総鉄道,139.866875,35.750932,1250054,,新柴又
新柴又,東京都,北総鉄道,139.879376,35.75101,1250052,京成高砂,矢切
矢切,千葉県,北総鉄道,139.899742,35.757503,2710096,新柴又,北国分
北国分,千葉県,北総鉄道,139.914252,35.762916,2720837,矢切,秋山
秋山,千葉県,北総鉄道,139.930723,35.765299,2702222,北国分,東松戸
東松戸,千葉県,北総鉄道,139.942957,35.769954,2702221,秋山,松飛台
松飛台,千葉県,北総鉄道,139.957739,35.775377,2702221,東松戸,大町
大町,千葉県,北総鉄道,139.973567,35.775103,2720801,松飛台,新鎌ヶ谷
新鎌ヶ谷,千葉県,北総鉄道,139.998361,35.779481,2730121,大町,西白井
西白井,千葉県,北総鉄道,140.031545,35.784364,2701431,新鎌ヶ谷,白井
白井,千葉県,北総鉄道,140.0541,35.784723,2701422,西白井,小室
小室,千葉県,北総鉄道,140.076073,35.787004,2701471,白井,千葉ニュータウン中央
千葉ニュータウン中央,千葉県,北総鉄道,140.116159,35.800175,2701354,小室,印西牧の原
印西牧の原,千葉県,北総鉄道,140.166911,35.803608,2701337,千葉ニュータウン中央,印旛日本医大
印旛日本医大,千葉県,北総鉄道,140.203112,35.787512,2701609,印西牧の原,
赤羽岩淵,東京都,埼玉高速鉄道,139.722103,35.783417,1150041,,川口元郷
川口元郷,埼玉県,埼玉高速鉄道,139.730043,35.800187,3320011,赤羽岩淵,南鳩ヶ谷
南鳩ヶ谷,埼玉県,埼玉高速鉄道,139.736059,35.816839,3340013,川口元郷,鳩ヶ谷
鳩ヶ谷,埼玉県,埼玉高速鉄道,139.735967,35.830859,3340003,南鳩ヶ谷,新井宿
新井宿,埼玉県,埼玉高速鉄道,139.737908,35.842974,3330826,鳩ヶ谷,戸塚安行
戸塚安行,埼玉県,埼玉高速鉄道,139.753689,35.858873,3330807,新井宿,東川口
東川口,埼玉県,埼玉高速鉄道,139.74398,35.876211,3330801,戸塚安行,浦和美園
浦和美園,埼玉県,埼玉高速鉄道,139.72779,35.893677,3360963,東川口,
上北台,東京都,多摩モノレール,139.415822,35.745824,2070021,,桜街道
桜街道,東京都,多摩モノレール,139.416653,35.739,2070021,上北台,玉川上水
玉川上水,東京都,多摩モノレール,139.417866,35.73223,2070022,桜街道,砂川七番
砂川七番,東京都,多摩モノレール,139.418097,35.723319,1900002,玉川上水,泉体育館
泉体育館,東京都,多摩モノレール,139.419525,35.718775,1900002,砂川七番,立飛
立飛,東京都,多摩モノレール,139.417387,35.714717,1900015,泉体育館,高松
高松,東京都,多摩モノレール,139.413242,35.710158,1900011,立飛,立川北
立川北,東京都,多摩モノレール,139.41254,35.699502,1900012,高松,立川南
立川南,東京都,多摩モノレール,139.412546,35.696077,1900023,立川北,柴崎体育館
柴崎体育館,東京都,多摩モノレール,139.409191,35.689475,1900023,立川南,甲州街道
甲州街道,東京都,多摩モノレール,139.409191,35.678262,1910012,柴崎体育館,万願寺
万願寺,東京都,多摩モノレール,139.420079,35.671249,1910024,甲州街道,高幡不動
高幡不動,東京都,多摩モノレール,139.415184,35.66148,1910031,万願寺,程久保
程久保,東京都,多摩モノレール,139.410698,35.655093,1910042,高幡不動,多摩動物公園
多摩動物公園,東京都,多摩モノレール,139.403672,35.648666,1910042,程久保,中央大学・明星大学
中央大学・明星大学,東京都,多摩モノレール,139.408672,35.64197,1920351,多摩動物公園,大塚・帝京大学
大塚・帝京大学,東京都,多摩モノレール,139.416461,35.636878,1920352,中央大学・明星大学,松が谷
松が谷,東京都,多摩モノレール,139.422201,35.63169,1920354,大塚・帝京大学,多摩センター
多摩センター,東京都,多摩モノレール,139.422782,35.623724,2060033,松が谷,
新百合ヶ丘,神奈川県,小田急多摩線,139.507608,35.603705,2150004,,五月台
五月台,神奈川県,小田急多摩線,139.493542,35.600174,2150025,新百合ヶ丘,栗平
栗平,神奈川県,小田急多摩線,139.481298,35.605731,2150024,五月台,黒川
黒川,神奈川県,小田急多摩線,139.470731,35.613203,2150034,栗平,はるひ野
はるひ野,神奈川県,小田急多摩線,139.464534,35.618885,2150036,黒川,小田急永山
小田急永山,東京都,小田急多摩線,139.447943,35.629972,2060025,はるひ野,小田急多摩センター
小田急多摩センター,東京都,小田急多摩線,139.424298,35.624902,2060033,小田急永山,唐木田
唐木田,東京都,小田急多摩線,139.411622,35.616672,2060036,小田急多摩センター,
新宿,東京都,小田急小田原線,139.699574,35.691435,1600023,,南新宿
南新宿,東京都,小田急小田原線,139.69867,35.683483,1510053,新宿,参宮橋
参宮橋,東京都,小田急小田原線,139.693568,35.678586,1510053,南新宿,代々木八幡
代々木八幡,東京都,小田急小田原線,139.688913,35.669715,1510053,参宮橋,代々木上原
代々木上原,東京都,小田急小田原線,139.680153,35.669159,1510066,代々木八幡,東北沢
東北沢,東京都,小田急小田原線,139.673014,35.665379,1550031,代々木上原,下北沢
下北沢,東京都,小田急小田原線,139.667516,35.661655,1550031,東北沢,世田谷代田
世田谷代田,東京都,小田急小田原線,139.661557,35.65834,1550033,下北沢,梅ヶ丘
梅ヶ丘,東京都,小田急小田原線,139.653628,35.656024,1540022,世田谷代田,豪徳寺
豪徳寺,東京都,小田急小田原線,139.647381,35.653807,1540021,梅ヶ丘,経堂
経堂,東京都,小田急小田原線,139.635993,35.650991,1560052,豪徳寺,千歳船橋
千歳船橋,東京都,小田急小田原線,139.624544,35.647616,1560052,経堂,祖師ヶ谷大蔵
祖師ヶ谷大蔵,東京都,小田急小田原線,139.609659,35.643236,1570072,千歳船橋,成城学園前
成城学園前,東京都,小田急小田原線,139.598958,35.640114,1570066,祖師ヶ谷大蔵,喜多見
喜多見,東京都,小田急小田原線,139.587445,35.636697,1570067,成城学園前,狛江
狛江,東京都,小田急小田原線,139.577127,35.632001,2010013,喜多見,和泉多摩川
和泉多摩川,東京都,小田急小田原線,139.573695,35.627349,2010014,狛江,登戸
登戸,神奈川県,小田急小田原線,139.569449,35.62115,2140014,和泉多摩川,向ヶ丘遊園
向ヶ丘遊園,神奈川県,小田急小田原線,139.564719,35.617273,2140014,登戸,生田
生田,神奈川県,小田急小田原線,139.542024,35.614954,2140038,向ヶ丘遊園,読売ランド前
読売ランド前,神奈川県,小田急小田原線,139.527903,35.614723,2140037,生田,百合ヶ丘
百合ヶ丘,神奈川県,小田急小田原線,139.516121,35.60903,2150011,読売ランド前,新百合ヶ丘
新百合ヶ丘,神奈川県,小田急小田原線,139.507608,35.603705,2150004,百合ヶ丘,柿生
柿生,神奈川県,小田急小田原線,139.497614,35.589597,2150021,新百合ヶ丘,鶴川
鶴川,東京都,小田急小田原線,139.481759,35.583077,1950053,柿生,玉川学園前
玉川学園前,東京都,小田急小田原線,139.463388,35.563486,1940041,鶴川,町田
町田,東京都,小田急小田原線,139.445236,35.544222,1940013,玉川学園前,相模大野
相模大野,神奈川県,小田急小田原線,139.437836,35.532208,2520303,町田,小田急相模原
小田急相模原,神奈川県,小田急小田原線,139.422571,35.515134,2520314,相模大野,相武台前
相武台前,神奈川県,小田急小田原線,139.408509,35.499294,2520011,小田急相模原,座間
座間,神奈川県,小田急小田原線,139.399899,35.480913,2520024,相武台前,海老名
海老名,神奈川県,小田急小田原線,139.390905,35.452709,2430434,座間,厚木
厚木,神奈川県,小田急小田原線,139.377896,35.443081,2430433,海老名,本厚木
本厚木,神奈川県,小田急小田原線,139.364261,35.439338,2430013,厚木,愛甲石田
愛甲石田,神奈川県,小田急小田原線,139.344098,35.417634,2430035,本厚木,伊勢原
伊勢原,神奈川県,小田急小田原線,139.313768,35.396081,2591132,愛甲石田,鶴巻温泉
鶴巻温泉,神奈川県,小田急小田原線,139.277813,35.381131,2570001,伊勢原,東海大学前
東海大学前,神奈川県,小田急小田原線,139.271236,35.373151,2570006,鶴巻温泉,秦野
秦野,神奈川県,小田急小田原線,139.226009,35.370075,2570034,東海大学前,渋沢
渋沢,神奈川県,小田急小田原線,139.184405,35.374032,2591321,秦野,新松田
新松田,神奈川県,小田急小田原線,139.139848,35.345082,2580003,渋沢,開成
開成,神奈川県,小田急小田原線,139.135785,35.326532,2580021,新松田,栢山
栢山,神奈川県,小田急小田原線,139.14258,35.310679,2500852,開成,富水
富水,神奈川県,小田急小田原線,139.145166,35.296759,2500853,栢山,螢田
螢田,神奈川県,小田急小田原線,139.152036,35.285055,2500865,富水,足柄
足柄,神奈川県,小田急小田原線,139.15447,35.271763,2500001,螢田,小田原
小田原,神奈川県,小田急小田原線,139.155396,35.256229,2500011,足柄,
滝本,東京都,御岳登山鉄道,139.161383,35.796035,1980174,,御岳山
御岳山,東京都,御岳登山鉄道,139.153594,35.789685,1980175,滝本,
新橋,東京都,新交通ゆりかもめ,139.759644,35.665503,1050004,,汐留
汐留,東京都,新交通ゆりかもめ,139.759985,35.662871,1050021,新橋,竹芝
竹芝,東京都,新交通ゆりかもめ,139.762037,35.654099,1050022,汐留,日の出
日の出,東京都,新交通ゆりかもめ,139.75906,35.649136,1050022,竹芝,芝浦ふ頭
芝浦ふ頭,東京都,新交通ゆりかもめ,139.757852,35.641773,1080022,日の出,お台場海浜公園
お台場海浜公園,東京都,新交通ゆりかもめ,139.778607,35.629813,1350091,芝浦ふ頭,台場
台場,東京都,新交通ゆりかもめ,139.771435,35.625908,1350091,お台場海浜公園,東京国際クルーズターミナル
東京国際クルーズターミナル,東京都,新交通ゆりかもめ,139.773157,35.621462,1350064,台場,テレコムセンター
テレコムセンター,東京都,新交通ゆりかもめ,139.779327,35.617593,1350064,東京国際クルーズターミナル,青海
青海,東京都,新交通ゆりかもめ,139.781132,35.62467,1350064,テレコムセンター,東京ビッグサイト
東京ビッグサイト,東京都,新交通ゆりかもめ,139.791228,35.630158,1350063,青海,有明
有明,東京都,新交通ゆりかもめ,139.793269,35.634596,1350063,東京ビッグサイト,有明テニスの森
有明テニスの森,東京都,新交通ゆりかもめ,139.78888,35.639964,1350063,有明,市場前
市場前,東京都,新交通ゆりかもめ,139.78564,35.645684,1350061,有明テニスの森,新豊洲
新豊洲,東京都,新交通ゆりかもめ,139.789996,35.648718,1350061,市場前,豊洲
豊洲,東京都,新交通ゆりかもめ,139.795414,35.653792,1350061,新豊洲,
新木場,東京都,東京りんかい線,139.827402,35.646172,1360082,,東雲
東雲,東京都,東京りんかい線,139.804395,35.640987,1350062,新木場,国際展示場
国際展示場,東京都,東京りんかい線,139.791617,35.63441,1350063,東雲,東京テレポート
東京テレポート,東京都,東京りんかい線,139.778896,35.62753,1350064,国際展示場,天王洲アイル
天王洲アイル,東京都,東京りんかい線,139.750793,35.620562,1400002,東京テレポート,品川シーサイド
品川シーサイド,東京都,東京りんかい線,139.749549,35.608524,1400002,天王洲アイル,大井町
大井町,東京都,東京りんかい線,139.735025,35.607535,1400014,品川シーサイド,大崎
大崎,東京都,東京りんかい線,139.728439,35.619772,1410032,大井町,
中野坂上,東京都,東京メトロ丸ノ内分岐線,139.68291,35.69792,1640011,,中野新橋
中野新橋,東京都,東京メトロ丸ノ内分岐線,139.673997,35.692123,1640013,中野坂上,中野富士見町
中野富士見町,東京都,東京メトロ丸ノ内分岐線,139.666933,35.690514,1640013,中野新橋,方南町
方南町,東京都,東京メトロ丸ノ内分岐線,139.656498,35.683496,1680062,中野富士見町,
池袋,東京都,東京メトロ丸ノ内線,139.711086,35.730256,1710021,,新大塚
新大塚,東京都,東京メトロ丸ノ内線,139.729971,35.72569,1700013,池袋,茗荷谷
茗荷谷,東京都,東京メトロ丸ノ内線,139.737184,35.716989,1120006,新大塚,後楽園
後楽園,東京都,東京メトロ丸ノ内線,139.751864,35.707898,1120003,茗荷谷,本郷三丁目
本郷三丁目,東京都,東京メトロ丸ノ内線,139.759914,35.706671,1130033,後楽園,御茶ノ水
御茶ノ水,東京都,東京メトロ丸ノ内線,139.763952,35.700614,1130034,本郷三丁目,淡路町
淡路町,東京都,東京メトロ丸ノ内線,139.767575,35.695434,1010041,御茶ノ水,大手町
大手町,東京都,東京メトロ丸ノ内線,139.7662,35.686564,1000004,淡路町,東京
東京,東京都,東京メトロ丸ノ内線,139.764708,35.681753,1000005,大手町,銀座
銀座,東京都,東京メトロ丸ノ内線,139.763965,35.671989,1000006,東京,霞ケ関
霞ケ関,東京都,東京メトロ丸ノ内線,139.750899,35.673838,1000013,銀座,国会議事堂前
国会議事堂前,東京都,東京メトロ丸ノ内線,139.745219,35.67393,1000014,霞ケ関,赤坂見附
赤坂見附,東京都,東京メトロ丸ノ内線,139.737047,35.677021,1000014,国会議事堂前,四ツ谷
四ツ谷,東京都,東京メトロ丸ノ内線,139.729947,35.684586,1020083,赤坂見附,四谷三丁目
四谷三丁目,東京都,東京メトロ丸ノ内線,139.720103,35.687958,1600004,四ツ谷,新宿御苑前
新宿御苑前,東京都,東京メトロ丸ノ内線,139.71069,35.688588,1600022,四谷三丁目,新宿三丁目
新宿三丁目,東京都,東京メトロ丸ノ内線,139.704895,35.690847,1600022,新宿御苑前,新宿
新宿,東京都,東京メトロ丸ノ内線,139.700711,35.69235,1600022,新宿三丁目,西新宿
西新宿,東京都,東京メトロ丸ノ内線,139.692778,35.694298,1600023,新宿,中野坂上
中野坂上,東京都,東京メトロ丸ノ内線,139.68291,35.69792,1640011,西新宿,新中野
新中野,東京都,東京メトロ丸ノ内線,139.66903,35.697491,1640011,中野坂上,東高円寺
東高円寺,東京都,東京メトロ丸ノ内線,139.657822,35.697802,1660003,新中野,新高円寺
新高円寺,東京都,東京メトロ丸ノ内線,139.648068,35.697985,1660003,東高円寺,南阿佐ヶ谷
南阿佐ヶ谷,東京都,東京メトロ丸ノ内線,139.63576,35.699624,1660004,新高円寺,荻窪
荻窪,東京都,東京メトロ丸ノ内線,139.620116,35.704304,1670051,南阿佐ヶ谷,
北綾瀬,東京都,東京メトロ千代田線,139.832035,35.777117,1200006,,綾瀬
綾瀬,東京都,東京メトロ千代田線,139.825019,35.762222,1200005,北綾瀬,北千住
北千住,東京都,東京メトロ千代田線,139.804276,35.748916,1200026,綾瀬,町屋
町屋,東京都,東京メトロ千代田線,139.780501,35.742733,1160002,北千住,西日暮里
西日暮里,東京都,東京メトロ千代田線,139.766511,35.732257,1160013,町屋,千駄木
千駄木,東京都,東京メトロ千代田線,139.763243,35.725549,1130022,西日暮里,根津
根津,東京都,東京メトロ千代田線,139.765655,35.7174,1130031,千駄木,湯島
湯島,東京都,東京メトロ千代田線,139.769916,35.708243,1130034,根津,新御茶ノ水
新御茶ノ水,東京都,東京メトロ千代田線,139.766014,35.698072,1010062,湯島,大手町
大手町,東京都,東京メトロ千代田線,139.763399,35.686154,1000004,新御茶ノ水,二重橋前
二重橋前,東京都,東京メトロ千代田線,139.761948,35.681071,1000005,大手町,日比谷
日比谷,東京都,東京メトロ千代田線,139.758732,35.674241,1000006,二重橋前,霞ケ関
霞ケ関,東京都,東京メトロ千代田線,139.750899,35.673838,1000013,日比谷,国会議事堂前
国会議事堂前,東京都,東京メトロ千代田線,139.745219,35.67393,1000014,霞ケ関,赤坂
赤坂,東京都,東京メトロ千代田線,139.738348,35.67323,1070052,国会議事堂前,乃木坂
乃木坂,東京都,東京メトロ千代田線,139.726215,35.666572,1070062,赤坂,表参道
表参道,東京都,東京メトロ千代田線,139.712314,35.665247,1070061,乃木坂,明治神宮前
明治神宮前,東京都,東京メトロ千代田線,139.703995,35.669071,1500001,表参道,代々木公園
代々木公園,東京都,東京メトロ千代田線,139.689099,35.669187,1510063,明治神宮前,代々木上原
代々木上原,東京都,東京メトロ千代田線,139.680153,35.669159,1510066,代々木公園,
渋谷,東京都,東京メトロ半蔵門線,139.701,35.659066,1500043,,表参道
表参道,東京都,東京メトロ半蔵門線,139.712314,35.665247,1070062,渋谷,青山一丁目
青山一丁目,東京都,東京メトロ半蔵門線,139.724159,35.672765,1070051,表参道,永田町
永田町,東京都,東京メトロ半蔵門線,139.740258,35.678757,1000014,青山一丁目,半蔵門
半蔵門,東京都,東京メトロ半蔵門線,139.74163,35.685703,1020083,永田町,九段下
九段下,東京都,東京メトロ半蔵門線,139.751948,35.695589,1020074,半蔵門,神保町
神保町,東京都,東京メトロ半蔵門線,139.757606,35.695966,1010051,九段下,大手町
大手町,東京都,東京メトロ半蔵門線,139.764107,35.68686,1000004,神保町,三越前
三越前,東京都,東京メトロ半蔵門線,139.773147,35.684908,1030022,大手町,水天宮前
水天宮前,東京都,東京メトロ半蔵門線,139.785377,35.682683,1030014,三越前,清澄白河
清澄白河,東京都,東京メトロ半蔵門線,139.798851,35.682105,1350021,水天宮前,住吉
住吉,東京都,東京メトロ半蔵門線,139.815681,35.689073,1350002,清澄白河,錦糸町
錦糸町,東京都,東京メトロ半蔵門線,139.814941,35.697578,1300013,住吉,押上
押上,東京都,東京メトロ半蔵門線,139.812935,35.710702,1300002,錦糸町,
目黒,東京都,東京メトロ南北線,139.7155,35.633272,1410021,,白金台
白金台,東京都,東京メトロ南北線,139.726133,35.637917,1080071,目黒,白金高輪
白金高輪,東京都,東京メトロ南北線,139.734104,35.642903,1080072,白金台,麻布十番
麻布十番,東京都,東京メトロ南北線,139.737051,35.654682,1060045,白金高輪,六本木一丁目
六本木一丁目,東京都,東京メトロ南北線,139.739,35.665595,1060032,麻布十番,溜池山王
溜池山王,東京都,東京メトロ南北線,139.741419,35.673621,1000014,六本木一丁目,永田町
永田町,東京都,東京メトロ南北線,139.740258,35.678757,1000014,溜池山王,四ツ谷
四ツ谷,東京都,東京メトロ南北線,139.72955,35.686032,1020083,永田町,市ケ谷
市ケ谷,東京都,東京メトロ南北線,139.736642,35.691295,1620843,四ツ谷,飯田橋
飯田橋,東京都,東京メトロ南北線,139.743669,35.701934,1620824,市ケ谷,後楽園
後楽園,東京都,東京メトロ南北線,139.751864,35.707898,1120002,飯田橋,東大前
東大前,東京都,東京メトロ南北線,139.758025,35.717633,1130023,後楽園,本駒込
本駒込,東京都,東京メトロ南北線,139.753828,35.724155,1130023,東大前,駒込
駒込,東京都,東京メトロ南北線,139.746442,35.736959,1700003,本駒込,西ケ原
西ケ原,東京都,東京メトロ南北線,139.742322,35.746008,1140024,駒込,王子
王子,東京都,東京メトロ南北線,139.737618,35.753966,1140002,西ケ原,王子神谷
王子神谷,東京都,東京メトロ南北線,139.735933,35.765172,1140002,王子,志茂
志茂,東京都,東京メトロ南北線,139.732599,35.777948,1150042,王子神谷,赤羽岩淵
赤羽岩淵,東京都,東京メトロ南北線,139.722103,35.783417,1150041,志茂,
北千住,東京都,東京メトロ日比谷線,139.804276,35.748916,1200026,,南千住
南千住,東京都,東京メトロ日比谷線,139.799273,35.733398,1160003,北千住,三ノ輪
三ノ輪,東京都,東京メトロ日比谷線,139.791485,35.729623,1100011,南千住,入谷
入谷,東京都,東京メトロ日比谷線,139.783924,35.719862,1100013,三ノ輪,上野
上野,東京都,東京メトロ日比谷線,139.777122,35.711482,1100005,入谷,仲御徒町
仲御徒町,東京都,東京メトロ日比谷線,139.776138,35.706649,1100016,上野,秋葉原
秋葉原,東京都,東京メトロ日比谷線,139.775459,35.698162,1010027,仲御徒町,小伝馬町
小伝馬町,東京都,東京メトロ日比谷線,139.778433,35.690737,1030001,秋葉原,人形町
人形町,東京都,東京メトロ日比谷線,139.782285,35.686307,1030013,小伝馬町,茅場町
茅場町,東京都,東京メトロ日比谷線,139.780005,35.679752,1030025,人形町,八丁堀
八丁堀,東京都,東京メトロ日比谷線,139.776982,35.674851,1040032,茅場町,築地
築地,東京都,東京メトロ日比谷線,139.772603,35.668115,1040045,八丁堀,東銀座
東銀座,東京都,東京メトロ日比谷線,139.767253,35.669464,1040061,築地,銀座
銀座,東京都,東京メトロ日比谷線,139.763965,35.671989,1040061,東銀座,日比谷
日比谷,東京都,東京メトロ日比谷線,139.76017,35.67459,1000006,銀座,霞ケ関
霞ケ関,東京都,東京メトロ日比谷線,139.750899,35.673838,1000013,日比谷,虎ノ門ヒルズ
虎ノ門ヒルズ,東京都,東京メトロ日比谷線,139.747793,35.667444,1050001,霞ケ関,神谷町
神谷町,東京都,東京メトロ日比谷線,139.745069,35.662978,1050001,虎ノ門ヒルズ,六本木
六本木,東京都,東京メトロ日比谷線,139.731443,35.662836,1060032,神谷町,広尾
広尾,東京都,東京メトロ日比谷線,139.722202,35.652279,1060047,六本木,恵比寿
恵比寿,東京都,東京メトロ日比谷線,139.708988,35.647332,1500022,広尾,中目黒
中目黒,東京都,東京メトロ日比谷線,139.698621,35.643854,1530051,恵比寿,
和光市,埼玉県,東京メトロ有楽町線,139.612434,35.788507,3510111,,地下鉄成増
地下鉄成増,東京都,東京メトロ有楽町線,139.631497,35.776557,1750094,和光市,地下鉄赤塚
地下鉄赤塚,東京都,東京メトロ有楽町線,139.644021,35.769939,1750093,地下鉄成増,平和台
平和台,東京都,東京メトロ有楽町線,139.653762,35.757863,1790083,地下鉄赤塚,氷川台
氷川台,東京都,東京メトロ有楽町線,139.665567,35.74955,1790084,平和台,小竹向原
小竹向原,東京都,東京メトロ有楽町線,139.678572,35.743803,1760004,氷川台,千川
千川,東京都,東京メトロ有楽町線,139.689271,35.738229,1710043,小竹向原,要町
要町,東京都,東京メトロ有楽町線,139.698715,35.73323,1710043,千川,池袋
池袋,東京都,東京メトロ有楽町線,139.710088,35.729565,1710021,要町,東池袋
東池袋,東京都,東京メトロ有楽町線,139.719546,35.725732,1710022,池袋,護国寺
護国寺,東京都,東京メトロ有楽町線,139.72754,35.719044,1120013,東池袋,江戸川橋
江戸川橋,東京都,東京メトロ有楽町線,139.733538,35.709495,1120014,護国寺,飯田橋
飯田橋,東京都,東京メトロ有楽町線,139.743669,35.701934,1620824,江戸川橋,市ヶ谷
市ヶ谷,東京都,東京メトロ有楽町線,139.73647,35.691958,1020073,飯田橋,麹町
麹町,東京都,東京メトロ有楽町線,139.737613,35.684006,1020083,市ヶ谷,永田町
永田町,東京都,東京メトロ有楽町線,139.740258,35.678757,1000014,麹町,桜田門
桜田門,東京都,東京メトロ有楽町線,139.75149,35.677405,1000013,永田町,有楽町
有楽町,東京都,東京メトロ有楽町線,139.763265,35.675714,1000005,桜田門,銀座一丁目
銀座一丁目,東京都,東京メトロ有楽町線,139.767045,35.67435,1040061,有楽町,新富町
新富町,東京都,東京メトロ有楽町線,139.773711,35.670462,1040041,銀座一丁目,月島
月島,東京都,東京メトロ有楽町線,139.784233,35.664871,1040051,新富町,豊洲
豊洲,東京都,東京メトロ有楽町線,139.79621,35.654908,1350061,月島,辰巳
辰巳,東京都,東京メトロ有楽町線,139.81052,35.645576,1350053,豊洲,新木場
新木場,東京都,東京メトロ有楽町線,139.826254,35.645832,1360082,辰巳,
中野,東京都,東京メトロ東西線,139.665835,35.705765,1640001,,落合
落合,東京都,東京メトロ東西線,139.687284,35.710976,1610034,中野,高田馬場
高田馬場,東京都,東京メトロ東西線,139.704745,35.713338,1690075,落合,早稲田
早稲田,東京都,東京メトロ東西線,139.721319,35.705723,1620042,高田馬場,神楽坂
神楽坂,東京都,東京メトロ東西線,139.734546,35.70379,1620805,早稲田,飯田橋
飯田橋,東京都,東京メトロ東西線,139.745986,35.701725,1020072,神楽坂,九段下
九段下,東京都,東京メトロ東西線,139.751948,35.695589,1020073,飯田橋,竹橋
竹橋,東京都,東京メトロ東西線,139.756817,35.690662,1000003,九段下,大手町
大手町,東京都,東京メトロ東西線,139.766086,35.684801,1000004,竹橋,日本橋
日本橋,東京都,東京メトロ東西線,139.773516,35.682078,1030027,大手町,茅場町
茅場町,東京都,東京メトロ東西線,139.780005,35.679752,1030025,日本橋,門前仲町
門前仲町,東京都,東京メトロ東西線,139.796209,35.671851,1350047,茅場町,木場
木場,東京都,東京メトロ東西線,139.807042,35.669351,1350042,門前仲町,東陽町
東陽町,東京都,東京メトロ東西線,139.817596,35.669629,1350016,木場,南砂町
南砂町,東京都,東京メトロ東西線,139.83065,35.668796,1360076,東陽町,西葛西
西葛西,東京都,東京メトロ東西線,139.859259,35.664631,1340088,南砂町,葛西
葛西,東京都,東京メトロ東西線,139.872458,35.663554,1340083,西葛西,浦安
浦安,千葉県,東京メトロ東西線,139.893193,35.665932,2790002,葛西,南行徳
南行徳,千葉県,東京メトロ東西線,139.902311,35.672687,2720143,浦安,行徳
行徳,千葉県,東京メトロ東西線,139.914254,35.682686,2720133,南行徳,妙典
妙典,千葉県,東京メトロ東西線,139.924209,35.690935,2720115,行徳,原木中山
原木中山,千葉県,東京メトロ東西線,139.942029,35.703517,2730035,妙典,西船橋
西船橋,千葉県,東京メトロ東西線,139.958972,35.707127,2730032,原木中山,
渋谷,東京都,東京メトロ銀座線,139.701,35.659066,1500002,,表参道
表参道,東京都,東京メトロ銀座線,139.712314,35.665247,1070062,渋谷,外苑前
外苑前,東京都,東京メトロ銀座線,139.717857,35.670527,1070061,表参道,青山一丁目
青山一丁目,東京都,東京メトロ銀座線,139.724159,35.672765,1070051,外苑前,赤坂見附
赤坂見附,東京都,東京メトロ銀座線,139.737047,35.677021,1000014,青山一丁目,溜池山王
溜池山王,東京都,東京メトロ銀座線,139.741419,35.673621,1070052,赤坂見附,虎ノ門
虎ノ門,東京都,東京メトロ銀座線,139.749832,35.670236,1050001,溜池山王,新橋
新橋,東京都,東京メトロ銀座線,139.758432,35.667434,1050004,虎ノ門,銀座
銀座,東京都,東京メトロ銀座線,139.763965,35.671989,1040061,新橋,京橋
京橋,東京都,東京メトロ銀座線,139.770126,35.676856,1040031,銀座,日本橋
日本橋,東京都,東京メトロ銀座線,139.773516,35.682078,1030027,京橋,三越前
三越前,東京都,東京メトロ銀座線,139.773594,35.687101,1030022,日本橋,神田
神田,東京都,東京メトロ銀座線,139.770899,35.693587,1010045,三越前,末広町
末広町,東京都,東京メトロ銀座線,139.771713,35.702972,1010021,神田,上野広小路
上野広小路,東京都,東京メトロ銀座線,139.772877,35.70768,1100005,末広町,上野
上野,東京都,東京メトロ銀座線,139.777122,35.711482,1100005,上野広小路,稲荷町
稲荷町,東京都,東京メトロ銀座線,139.782593,35.711273,1100015,上野,田原町
田原町,東京都,東京メトロ銀座線,139.790897,35.709897,1110035,稲荷町,浅草
浅草,東京都,東京メトロ銀座線,139.797592,35.710733,1110033,田原町,
和光市,埼玉県,東京メトロ副都心線,139.612434,35.788507,3510111,,地下鉄成増
地下鉄成増,東京都,東京メトロ副都心線,139.631497,35.776557,1750094,和光市,地下鉄赤塚
地下鉄赤塚,東京都,東京メトロ副都心線,139.644021,35.769939,1750093,地下鉄成増,平和台
平和台,東京都,東京メトロ副都心線,139.653762,35.757863,1790083,地下鉄赤塚,氷川台
氷川台,東京都,東京メトロ副都心線,139.665567,35.74955,1790084,平和台,小竹向原
小竹向原,東京都,東京メトロ副都心線,139.678572,35.743803,1760004,氷川台,千川
千川,東京都,東京メトロ副都心線,139.689271,35.738229,1710043,小竹向原,要町
要町,東京都,東京メトロ副都心線,139.698715,35.73323,1710043,千川,池袋
池袋,東京都,東京メトロ副都心線,139.708291,35.731464,1710021,要町,雑司が谷
雑司が谷,東京都,東京メトロ副都心線,139.714795,35.720233,1710032,池袋,西早稲田
西早稲田,東京都,東京メトロ副都心線,139.709101,35.708242,1690052,雑司が谷,東新宿
東新宿,東京都,東京メトロ副都心線,139.707593,35.698915,1600022,西早稲田,新宿三丁目
新宿三丁目,東京都,東京メトロ副都心線,139.704828,35.690853,1600022,東新宿,北参道
北参道,東京都,東京メトロ副都心線,139.705453,35.678459,1510051,新宿三丁目,明治神宮前〈原宿〉
明治神宮前〈原宿〉,東京都,東京メトロ副都心線,139.705367,35.668497,1500001,北参道,渋谷
渋谷,東京都,東京メトロ副都心線,139.702417,35.659545,1500002,明治神宮前〈原宿〉,
モノレール浜松町,東京都,東京モノレール羽田線,139.756747,35.655666,1050013,,天王洲アイル
天王洲アイル,東京都,東京モノレール羽田線,139.750675,35.622908,1400002,モノレール浜松町,大井競馬場前
大井競馬場前,東京都,東京モノレール羽田線,139.74708,35.595006,1400012,天王洲アイル,流通センター
流通センター,東京都,東京モノレール羽田線,139.748964,35.58186,1430006,大井競馬場前,昭和島
昭和島,東京都,東京モノレール羽田線,139.749918,35.570656,1430004,流通センター,整備場
整備場,東京都,東京モノレール羽田線,139.753366,35.555125,1440041,昭和島,天空橋
天空橋,東京都,東京モノレール羽田線,139.75423,35.548908,1440041,整備場,羽田空港第3ターミナル
羽田空港第3ターミナル,東京都,東京モノレール羽田線,139.768206,35.544169,1440041,天空橋,新整備場
新整備場,東京都,東京モノレール羽田線,139.786777,35.542773,1440041,羽田空港第3ターミナル,羽田空港第1ターミナル
羽田空港第1ターミナル,東京都,東京モノレール羽田線,139.784653,35.549163,1440041,新整備場,羽田空港第2ターミナル
羽田空港第2ターミナル,東京都,東京モノレール羽田線,139.787979,35.550734,1440041,羽田空港第1ターミナル,
東京,東京都,東北新幹線,139.766103,35.681391,1000005,,上野
上野,東京都,東北新幹線,139.777043,35.71379,1100005,東京,大宮
大宮,埼玉県,東北新幹線,139.62405,35.906439,3300853,上野,小山
小山,栃木県,東北新幹線,139.806241,36.312747,3230022,大宮,宇都宮
宇都宮,栃木県,東北新幹線,139.898389,36.559246,3210965,小山,那須塩原
那須塩原,栃木県,東北新幹線,140.020694,36.931956,3293153,宇都宮,新白河
新白河,福島県,東北新幹線,140.188969,37.12331,9618051,那須塩原,郡山
郡山,福島県,東北新幹線,140.389363,37.398187,9638003,新白河,福島
福島,福島県,東北新幹線,140.45968,37.754123,9608068,郡山,白石蔵王
白石蔵王,宮城県,東北新幹線,140.632881,37.995052,9890223,福島,仙台
仙台,宮城県,東北新幹線,140.882158,38.260027,9800021,白石蔵王,古川
古川,宮城県,東北新幹線,140.967876,38.571192,9896162,仙台,くりこま高原
くりこま高原,宮城県,東北新幹線,141.071756,38.749024,9895612,古川,一ノ関
一ノ関,岩手県,東北新幹線,141.138177,38.926514,0210844,くりこま高原,水沢江刺
水沢江刺,岩手県,東北新幹線,141.188748,39.14526,0230104,一ノ関,北上
北上,岩手県,東北新幹線,141.121221,39.281196,0240061,水沢江刺,新花巻
新花巻,岩手県,東北新幹線,141.17302,39.405839,0250012,北上,盛岡
盛岡,岩手県,東北新幹線,141.136599,39.701547,0200034,新花巻,いわて沼宮内
いわて沼宮内,岩手県,東北新幹線,141.216955,39.960155,0284303,盛岡,二戸
二戸,岩手県,東北新幹線,141.286211,40.25997,0286103,いわて沼宮内,八戸
八戸,青森県,東北新幹線,141.431067,40.509485,0391101,二戸,七戸十和田
七戸十和田,青森県,東北新幹線,141.153817,40.719954,0392501,八戸,新青森
新青森,青森県,東北新幹線,140.693472,40.8275,0380003,七戸十和田,
三軒茶屋,東京都,東急世田谷線,139.670156,35.643716,1540004,,西太子堂
西太子堂,東京都,東急世田谷線,139.666382,35.644545,1540004,三軒茶屋,若林
若林,東京都,東急世田谷線,139.659911,35.645933,1540023,西太子堂,松陰神社前
松陰神社前,東京都,東急世田谷線,139.655211,35.643947,1540023,若林,世田谷
世田谷,東京都,東急世田谷線,139.650945,35.643564,1540017,松陰神社前,上町
上町,東京都,東急世田谷線,139.646276,35.643656,1540017,世田谷,宮の坂
宮の坂,東京都,東急世田谷線,139.64494,35.647508,1540021,上町,山下
山下,東京都,東急世田谷線,139.646509,35.653844,1540021,宮の坂,松原
松原,東京都,東急世田谷線,139.642,35.660048,1560044,山下,下高井戸
下高井戸,東京都,東急世田谷線,139.641372,35.66615,1560044,松原,
多摩川,東京都,東急多摩川線,139.668723,35.589591,1450071,,沼部
沼部,東京都,東急多摩川線,139.67326,35.582526,1450072,多摩川,鵜の木
鵜の木,東京都,東急多摩川線,139.680554,35.575452,1460091,沼部,下丸子
下丸子,東京都,東急多摩川線,139.685576,35.571397,1460092,鵜の木,武蔵新田
武蔵新田,東京都,東急多摩川線,139.692506,35.567806,1460093,下丸子,矢口渡
矢口渡,東京都,東急多摩川線,139.700389,35.562462,1460095,武蔵新田,蒲田
蒲田,東京都,東急多摩川線,139.714626,35.561767,1440051,矢口渡,
大井町,東京都,東急大井町線,139.735025,35.607535,1400014,,下神明
下神明,東京都,東急大井町線,139.726256,35.608704,1410033,大井町,戸越公園
戸越公園,東京都,東急大井町線,139.718159,35.608856,1420041,下神明,中延
中延,東京都,東急大井町線,139.712526,35.60571,1420053,戸越公園,荏原町
荏原町,東京都,東急大井町線,139.707571,35.60382,1420053,中延,旗の台
旗の台,東京都,東急大井町線,139.702286,35.604923,1420064,荏原町,北千束
北千束,東京都,東急大井町線,139.693303,35.606311,1450062,旗の台,大岡山
大岡山,東京都,東急大井町線,139.685909,35.607456,1520033,北千束,緑が丘
緑が丘,東京都,東急大井町線,139.679482,35.60638,1520034,大岡山,自由が丘
自由が丘,東京都,東急大井町線,139.668664,35.607224,1520035,緑が丘,九品仏
九品仏,東京都,東急大井町線,139.660992,35.60538,1580083,自由が丘,尾山台
尾山台,東京都,東急大井町線,139.653862,35.606971,1580082,九品仏,等々力
等々力,東京都,東急大井町線,139.647938,35.608369,1580082,尾山台,上野毛
上野毛,東京都,東急大井町線,139.638917,35.611957,1580093,等々力,二子玉川
二子玉川,東京都,東急大井町線,139.626685,35.611788,1580094,上野毛,
渋谷,東京都,東急東横線,139.702417,35.659545,1500002,,代官山
代官山,東京都,東急東横線,139.703284,35.648193,1500034,渋谷,中目黒
中目黒,東京都,東急東横線,139.698621,35.643854,1530051,代官山,祐天寺
祐天寺,東京都,東急東横線,139.690758,35.637163,1530053,中目黒,学芸大学
学芸大学,東京都,東急東横線,139.68522,35.628786,1520004,祐天寺,都立大学
都立大学,東京都,東急東横線,139.676393,35.617835,1520031,学芸大学,自由が丘
自由が丘,東京都,東急東横線,139.668664,35.607224,1520035,都立大学,田園調布
田園調布,東京都,東急東横線,139.667356,35.596815,1450071,自由が丘,多摩川
多摩川,東京都,東急東横線,139.668723,35.589591,1450071,田園調布,新丸子
新丸子,神奈川県,東急東横線,139.661964,35.58049,2110004,多摩川,武蔵小杉
武蔵小杉,神奈川県,東急東横線,139.659652,35.575752,2110004,新丸子,元住吉
元住吉,神奈川県,東急東横線,139.654668,35.565698,2110025,武蔵小杉,日吉
日吉,神奈川県,東急東横線,139.646944,35.5539,2230061,元住吉,綱島
綱島,神奈川県,東急東横線,139.63491,35.536906,2230053,日吉,大倉山
大倉山,神奈川県,東急東横線,139.629808,35.52243,2220037,綱島,菊名
菊名,神奈川県,東急東横線,139.63137,35.509854,2220011,大倉山,妙蓮寺
妙蓮寺,神奈川県,東急東横線,139.633194,35.498779,2220011,菊名,白楽
白楽,神奈川県,東急東横線,139.627875,35.489555,2210065,妙蓮寺,東白楽
東白楽,神奈川県,東急東横線,139.629364,35.483523,2210065,白楽,反町
反町,神奈川県,東急東横線,139.625337,35.47474,2210832,東白楽,横浜
横浜,神奈川県,東急東横線,139.622299,35.466372,2200011,反町,
五反田,東京都,東急池上線,139.724175,35.625262,1410031,,大崎広小路
大崎広小路,東京都,東急池上線,139.722339,35.622244,1410032,五反田,戸越銀座
戸越銀座,東京都,東急池上線,139.714862,35.615928,1420051,大崎広小路,荏原中延
荏原中延,東京都,東急池上線,139.712196,35.610056,1420052,戸越銀座,旗の台
旗の台,東京都,東急池上線,139.702286,35.604923,1420064,荏原中延,長原
長原,東京都,東急池上線,139.697881,35.60219,1450064,旗の台,洗足池
洗足池,東京都,東急池上線,139.690896,35.599648,1450065,長原,石川台
石川台,東京都,東急池上線,139.685063,35.596888,1450065,洗足池,雪が谷大塚
雪が谷大塚,東京都,東急池上線,139.681083,35.592038,1450066,石川台,御嶽山
御嶽山,東京都,東急池上線,139.682473,35.585236,1450073,雪が谷大塚,久が原
久が原,東京都,東急池上線,139.685678,35.579499,1460084,御嶽山,千鳥町
千鳥町,東京都,東急池上線,139.69142,35.572983,1460083,久が原,池上
池上,東京都,東急池上線,139.702822,35.572025,1460082,千鳥町,蓮沼
蓮沼,東京都,東急池上線,139.708544,35.564173,1460094,池上,蒲田
蒲田,東京都,東急池上線,139.714626,35.561767,1440051,蓮沼,
渋谷,東京都,東急田園都市線,139.702148,35.65802,1500002,,池尻大橋
池尻大橋,東京都,東急田園都市線,139.684319,35.650603,1530044,渋谷,三軒茶屋
三軒茶屋,東京都,東急田園都市線,139.670156,35.643716,1540024,池尻大橋,駒沢大学
駒沢大学,東京都,東急田園都市線,139.661702,35.633471,1540012,三軒茶屋,桜新町
桜新町,東京都,東急田園都市線,139.644779,35.631666,1540015,駒沢大学,用賀
用賀,東京都,東急田園都市線,139.633928,35.626436,1580097,桜新町,二子玉川
二子玉川,東京都,東急田園都市線,139.626685,35.611788,1580094,用賀,二子新地
二子新地,神奈川県,東急田園都市線,139.622338,35.606994,2130002,二子玉川,高津
高津,神奈川県,東急田園都市線,139.616934,35.603248,2130002,二子新地,溝の口
溝の口,神奈川県,東急田園都市線,139.610487,35.59984,2130001,高津,梶が谷
梶が谷,神奈川県,東急田園都市線,139.605885,35.593963,2130013,溝の口,宮崎台
宮崎台,神奈川県,東急田園都市線,139.591313,35.587228,2160033,梶が谷,宮前平
宮前平,神奈川県,東急田園都市線,139.581983,35.584951,2160006,宮崎台,鷺沼
鷺沼,神奈川県,東急田園都市線,139.573268,35.579762,2160004,宮前平,たまプラーザ
たまプラーザ,神奈川県,東急田園都市線,139.558447,35.577427,2250002,鷺沼,あざみ野
あざみ野,神奈川県,東急田園都市線,139.553462,35.568645,2250011,たまプラーザ,江田
江田,神奈川県,東急田園都市線,139.551518,35.558671,2250013,あざみ野,市が尾
市が尾,神奈川県,東急田園都市線,139.541496,35.551483,2250024,江田,藤が丘
藤が丘,神奈川県,東急田園都市線,139.527655,35.543454,2270043,市が尾,青葉台
青葉台,神奈川県,東急田園都市線,139.517376,35.542855,2270062,藤が丘,田奈
田奈,神奈川県,東急田園都市線,139.504855,35.536204,2270064,青葉台,長津田
長津田,神奈川県,東急田園都市線,139.493548,35.53196,2260027,田奈,つくし野
つくし野,東京都,東急田園都市線,139.485139,35.527559,1940001,長津田,すずかけ台
すずかけ台,東京都,東急田園都市線,139.481684,35.517094,1940002,つくし野,南町田グランベリーパーク
南町田グランベリーパーク,東京都,東急田園都市線,139.470318,35.511502,1940004,すずかけ台,つきみ野
つきみ野,神奈川県,東急田園都市線,139.458651,35.510546,2420002,南町田グランベリーパーク,中央林間
中央林間,神奈川県,東急田園都市線,139.444935,35.507671,2420007,つきみ野,
目黒,東京都,東急目黒線,139.7155,35.633272,1410021,,不動前
不動前,東京都,東急目黒線,139.71469,35.626526,1410031,目黒,武蔵小山
武蔵小山,東京都,東急目黒線,139.704524,35.620538,1420062,不動前,西小山
西小山,東京都,東急目黒線,139.698694,35.615455,1420062,武蔵小山,洗足
洗足,東京都,東急目黒線,139.694367,35.61043,1520012,西小山,大岡山
大岡山,東京都,東急目黒線,139.685909,35.607456,1520033,洗足,奥沢
奥沢,東京都,東急目黒線,139.672355,35.603947,1580083,大岡山,田園調布
田園調布,東京都,東急目黒線,139.667356,35.596815,1450071,奥沢,多摩川
多摩川,東京都,東急目黒線,139.668723,35.589591,1450071,田園調布,新丸子
新丸子,神奈川県,東急目黒線,139.661964,35.58049,2110004,多摩川,武蔵小杉
武蔵小杉,神奈川県,東急目黒線,139.659652,35.575752,2110004,新丸子,
亀戸,東京都,東武亀戸線,139.826791,35.697708,1360071,,亀戸水神
亀戸水神,東京都,東武亀戸線,139.833422,35.699976,1360071,亀戸,東あずま
東あずま,東京都,東武亀戸線,139.831883,35.707067,1310043,亀戸水神,小村井
小村井,東京都,東武亀戸線,139.827595,35.710316,1310044,東あずま,曳舟
曳舟,東京都,東武亀戸線,139.816634,35.718418,1310032,小村井,
浅草,東京都,東武伊勢崎線,139.798214,35.711883,1110033,,とうきょうスカイツリー
とうきょうスカイツリー,東京都,東武伊勢崎線,139.809332,35.71043,1310045,浅草,押上
押上,東京都,東武伊勢崎線,139.812935,35.710702,1310045,とうきょうスカイツリー,曳舟
曳舟,東京都,東武伊勢崎線,139.816634,35.718418,1310032,押上,東向島
東向島,東京都,東武伊勢崎線,139.819306,35.724324,1310032,曳舟,鐘ヶ淵
鐘ヶ淵,東京都,東武伊勢崎線,139.820344,35.733712,1310031,東向島,堀切
堀切,東京都,東武伊勢崎線,139.817727,35.742977,1200023,鐘ヶ淵,牛田
牛田,東京都,東武伊勢崎線,139.811816,35.744555,1200023,堀切,北千住
北千住,東京都,東武伊勢崎線,139.805564,35.749891,1200026,牛田,小菅
小菅,東京都,東武伊勢崎線,139.812935,35.759039,1200015,北千住,五反野
五反野,東京都,東武伊勢崎線,139.809643,35.765852,1200015,小菅,梅島
梅島,東京都,東武伊勢崎線,139.797916,35.772437,1230851,五反野,西新井
西新井,東京都,東武伊勢崎線,139.790372,35.777323,1230843,梅島,竹ノ塚
竹ノ塚,東京都,東武伊勢崎線,139.790788,35.794368,1210822,西新井,谷塚
谷塚,埼玉県,東武伊勢崎線,139.801483,35.814926,3400023,竹ノ塚,草加
草加,埼玉県,東武伊勢崎線,139.803397,35.828476,3400034,谷塚,獨協大学前
獨協大学前,埼玉県,東武伊勢崎線,139.800622,35.84333,3400041,草加,新田
新田,埼玉県,東武伊勢崎線,139.795391,35.854086,3400052,獨協大学前,蒲生
蒲生,埼玉県,東武伊勢崎線,139.791686,35.866851,3430836,新田,新越谷
新越谷,埼玉県,東武伊勢崎線,139.789905,35.875186,3430845,蒲生,越谷
越谷,埼玉県,東武伊勢崎線,139.786213,35.887529,3430816,新越谷,北越谷
北越谷,埼玉県,東武伊勢崎線,139.780008,35.901724,3430025,越谷,大袋
大袋,埼玉県,東武伊勢崎線,139.777868,35.92437,3430032,北越谷,せんげん台
せんげん台,埼玉県,東武伊勢崎線,139.774478,35.935832,3430042,大袋,武里
武里,埼玉県,東武伊勢崎線,139.770675,35.949102,3440021,せんげん台,一ノ割
一ノ割,埼玉県,東武伊勢崎線,139.766219,35.96412,3440063,武里,春日部
春日部,埼玉県,東武伊勢崎線,139.752345,35.980095,3440061,一ノ割,北春日部
北春日部,埼玉県,東武伊勢崎線,139.744012,35.990655,3440053,春日部,姫宮
姫宮,埼玉県,東武伊勢崎線,139.738674,36.004384,3450804,北春日部,東武動物公園
東武動物公園,埼玉県,東武伊勢崎線,139.726901,36.024604,3450821,姫宮,和戸
和戸,埼玉県,東武伊勢崎線,139.701156,36.039562,3450836,東武動物公園,久喜
久喜,埼玉県,東武伊勢崎線,139.67727,36.065684,3460003,和戸,鷲宮
鷲宮,埼玉県,東武伊勢崎線,139.656945,36.09626,3400215,久喜,花崎
花崎,埼玉県,東武伊勢崎線,139.633522,36.109891,3470016,鷲宮,加須
加須,埼玉県,東武伊勢崎線,139.595584,36.122992,3470055,花崎,南羽生
南羽生,埼玉県,東武伊勢崎線,139.55696,36.14959,3480071,加須,羽生
羽生,埼玉県,東武伊勢崎線,139.533949,36.170345,3480053,南羽生,川俣
川俣,群馬県,東武伊勢崎線,139.52652,36.208778,3700713,羽生,茂林寺前
茂林寺前,群馬県,東武伊勢崎線,139.527058,36.226331,3740033,川俣,館林
館林,群馬県,東武伊勢崎線,139.527811,36.246606,3740024,茂林寺前,多々良
多々良,群馬県,東武伊勢崎線,139.500179,36.273732,3740076,館林,県
県,栃木県,東武伊勢崎線,139.472336,36.290615,3260328,多々良,福居
福居,栃木県,東武伊勢崎線,139.458634,36.305208,3260338,県,東武和泉
東武和泉,栃木県,東武伊勢崎線,139.45509,36.315595,3260338,福居,足利市
足利市,栃木県,東武伊勢崎線,139.448113,36.32948,3260821,東武和泉,野州山辺
野州山辺,栃木県,東武伊勢崎線,139.431981,36.32633,3260824,足利市,韮川
韮川,群馬県,東武伊勢崎線,139.401704,36.307913,3730801,野州山辺,太田
太田,群馬県,東武伊勢崎線,139.378779,36.294228,3730026,韮川,細谷
細谷,群馬県,東武伊勢崎線,139.348509,36.282523,3730842,太田,木崎
木崎,群馬県,東武伊勢崎線,139.312988,36.271393,3700321,細谷,世良田
世良田,群馬県,東武伊勢崎線,139.282038,36.272931,3700426,木崎,境町
境町,群馬県,東武伊勢崎線,139.256177,36.277191,3700116,世良田,剛志
剛志,群馬県,東武伊勢崎線,139.223792,36.295428,3700128,境町,新伊勢崎
新伊勢崎,群馬県,東武伊勢崎線,139.201816,36.318052,3720042,剛志,伊勢崎
伊勢崎,群馬県,東武伊勢崎線,139.194559,36.326622,3720055,新伊勢崎,
西新井,東京都,東武大師線,139.790372,35.777323,1230843,,大師前
大師前,東京都,東武大師線,139.781647,35.778989,1230841,西新井,
池袋,東京都,東武東上本線,139.710678,35.730924,1710021,,北池袋
北池袋,東京都,東武東上本線,139.716749,35.741283,1700011,池袋,下板橋
下板橋,東京都,東武東上本線,139.714785,35.745721,1700011,北池袋,大山
大山,東京都,東武東上本線,139.702589,35.748398,1730023,下板橋,中板橋
中板橋,東京都,東武東上本線,139.694628,35.756214,1730016,大山,ときわ台
ときわ台,東京都,東武東上本線,139.689015,35.758771,1740071,中板橋,上板橋
上板橋,東京都,東武東上本線,139.67641,35.763596,1740071,ときわ台,東武練馬
東武練馬,東京都,東武東上本線,139.661964,35.768698,1750083,上板橋,下赤塚
下赤塚,東京都,東武東上本線,139.644482,35.770558,1750093,東武練馬,成増
成増,東京都,東武東上本線,139.632708,35.777723,1750094,下赤塚,和光市
和光市,埼玉県,東武東上本線,139.612434,35.788507,3510111,成増,朝霞
朝霞,埼玉県,東武東上本線,139.600321,35.796736,3510011,和光市,朝霞台
朝霞台,埼玉県,東武東上本線,139.587189,35.814328,3510022,朝霞,志木
志木,埼玉県,東武東上本線,139.575367,35.822105,3520001,朝霞台,柳瀬川
柳瀬川,埼玉県,東武東上本線,139.562071,35.830723,3530006,志木,みずほ台
みずほ台,埼玉県,東武東上本線,139.55078,35.838233,3540015,柳瀬川,鶴瀬
鶴瀬,埼玉県,東武東上本線,139.539347,35.845776,3540021,みずほ台,ふじみ野
ふじみ野,埼玉県,東武東上本線,139.523389,35.860735,3540031,鶴瀬,上福岡
上福岡,埼玉県,東武東上本線,139.511782,35.873855,3560004,ふじみ野,新河岸
新河岸,埼玉県,東武東上本線,139.497257,35.890911,3501133,上福岡,川越
川越,埼玉県,東武東上本線,139.483078,35.906742,3501123,新河岸,川越市
川越市,埼玉県,東武東上本線,139.476989,35.914146,3501113,川越,霞ヶ関
霞ヶ関,埼玉県,東武東上本線,139.442897,35.925635,3501103,川越市,鶴ヶ島
鶴ヶ島,埼玉県,東武東上本線,139.423825,35.936771,3500811,霞ヶ関,若葉
若葉,埼玉県,東武東上本線,139.408782,35.948919,3500215,鶴ヶ島,坂戸
坂戸,埼玉県,東武東上本線,139.394032,35.957181,3500225,若葉,北坂戸
北坂戸,埼玉県,東武東上本線,139.396932,35.972098,3500272,坂戸,高坂
高坂,埼玉県,東武東上本線,139.397747,36.002572,3550047,北坂戸,東松山
東松山,埼玉県,東武東上本線,139.401651,36.034608,3550028,高坂,森林公園
森林公園,埼玉県,東武東上本線,139.374947,36.045239,3550811,東松山,つきのわ
つきのわ,埼玉県,東武東上本線,139.345541,36.04352,3550813,森林公園,武蔵嵐山
武蔵嵐山,埼玉県,東武東上本線,139.32829,36.044001,3550221,つきのわ,小川町
小川町,埼玉県,東武東上本線,139.260412,36.05903,3550328,武蔵嵐山,東武竹沢
東武竹沢,埼玉県,東武東上本線,139.237591,36.0754,3550331,小川町,みなみ寄居
みなみ寄居,埼玉県,東武東上本線,139.236463,36.091649,3691203,東武竹沢,男衾
男衾,埼玉県,東武東上本線,139.234442,36.107415,3691216,みなみ寄居,鉢形
鉢形,埼玉県,東武東上本線,139.208649,36.11378,3691224,男衾,玉淀
玉淀,埼玉県,東武東上本線,139.200052,36.117071,3691203,鉢形,寄居
寄居,埼玉県,東武東上本線,139.194508,36.117597,3691203,玉淀,
東京,東京都,東海道新幹線,139.766103,35.681391,1000005,,品川
品川,東京都,東海道新幹線,139.738999,35.62876,1080075,東京,新横浜
新横浜,神奈川県,東海道新幹線,139.617348,35.506824,2220026,品川,小田原
小田原,神奈川県,東海道新幹線,139.155772,35.256225,2500045,新横浜,熱海
熱海,静岡県,東海道新幹線,139.077679,35.103573,4130011,小田原,三島
三島,静岡県,東海道新幹線,138.911133,35.126253,4110036,熱海,新富士
新富士,静岡県,東海道新幹線,138.663637,35.142185,4160939,三島,静岡
静岡,静岡県,東海道新幹線,138.388579,34.971629,4200851,新富士,掛川
掛川,静岡県,東海道新幹線,138.014937,34.769463,4360029,静岡,浜松
浜松,静岡県,東海道新幹線,137.734759,34.703866,4300926,掛川,豊橋
豊橋,愛知県,東海道新幹線,137.382128,34.762734,4400075,浜松,三河安城
三河安城,愛知県,東海道新幹線,137.060918,34.96968,4460054,豊橋,名古屋
名古屋,愛知県,東海道新幹線,136.881637,35.170694,4500002,三河安城,岐阜羽島
岐阜羽島,岐阜県,東海道新幹線,136.68537,35.316023,5016257,名古屋,米原
米原,滋賀県,東海道新幹線,136.289992,35.314657,5210012,岐阜羽島,京都
京都,京都府,東海道新幹線,135.757748,34.985465,6008215,米原,新大阪
新大阪,大阪府,東海道新幹線,135.501852,34.734136,5320011,京都,
国分寺,東京都,西武国分寺線,139.480841,35.700123,1850012,,恋ヶ窪
恋ヶ窪,東京都,西武国分寺線,139.463944,35.711385,1850002,国分寺,鷹の台
鷹の台,東京都,西武国分寺線,139.461155,35.723097,1870025,恋ヶ窪,小川
小川,東京都,西武国分寺線,139.463493,35.737573,1870031,鷹の台,東村山
東村山,東京都,西武国分寺線,139.465839,35.76006,1890014,小川,
武蔵境,東京都,西武多摩川線,139.543402,35.702083,1800023,,新小金井
新小金井,東京都,西武多摩川線,139.526603,35.695908,1840011,武蔵境,多磨
多磨,東京都,西武多摩川線,139.51713,35.676821,1830004,新小金井,白糸台
白糸台,東京都,西武多摩川線,139.509862,35.666517,1830011,多磨,競艇場前
競艇場前,東京都,西武多摩川線,139.499721,35.656232,1830013,白糸台,是政
是政,東京都,西武多摩川線,139.488592,35.656242,1830014,競艇場前,
国分寺,東京都,西武多摩湖線,139.479547,35.700836,1850012,,一橋学園
一橋学園,東京都,西武多摩湖線,139.480039,35.72217,1870045,国分寺,青梅街道
青梅街道,東京都,西武多摩湖線,139.476628,35.73098,1870032,一橋学園,萩山
萩山,東京都,西武多摩湖線,139.476903,35.740759,1890012,青梅街道,八坂
八坂,東京都,西武多摩湖線,139.467676,35.744925,1890013,萩山,武蔵大和
武蔵大和,東京都,西武多摩湖線,139.444008,35.756427,1890025,八坂,多摩湖
多摩湖,東京都,西武多摩湖線,139.442747,35.765881,1890026,武蔵大和,
多摩湖,東京都,西武山口線,139.442747,35.765881,1890026,,西武園ゆうえんち
西武園ゆうえんち,埼玉県,西武山口線,139.440166,35.769042,3591145,多摩湖,西武球場前
西武球場前,埼玉県,西武山口線,139.41966,35.77093,3591153,西武園ゆうえんち,
小平,東京都,西武拝島線,139.488491,35.736963,1870041,,萩山
萩山,東京都,西武拝島線,139.476903,35.740759,1890012,小平,小川
小川,東京都,西武拝島線,139.463493,35.737573,1870031,萩山,東大和市
東大和市,東京都,西武拝島線,139.434249,35.732829,2070022,小川,玉川上水
玉川上水,東京都,西武拝島線,139.418435,35.731751,1900002,東大和市,武蔵砂川
武蔵砂川,東京都,西武拝島線,139.392319,35.728876,1900032,玉川上水,西武立川
西武立川,東京都,西武拝島線,139.370124,35.7262,1900034,武蔵砂川,拝島
拝島,東京都,西武拝島線,139.343468,35.721278,1960001,西武立川,
西武新宿,東京都,西武新宿線,139.7,35.696254,1600021,,高田馬場
高田馬場,東京都,西武新宿線,139.703715,35.712677,1690075,西武新宿,下落合
下落合,東京都,西武新宿線,139.695391,35.715846,1610033,高田馬場,中井
中井,東京都,西武新宿線,139.686967,35.715106,1610035,下落合,新井薬師前
新井薬師前,東京都,西武新宿線,139.672582,35.715778,1640002,中井,沼袋
沼袋,東京都,西武新宿線,139.663841,35.719458,1650025,新井薬師前,野方
野方,東京都,西武新宿線,139.652733,35.719658,1650027,沼袋,都立家政
都立家政,東京都,西武新宿線,139.644839,35.722313,1650032,野方,鷺ノ宮
鷺ノ宮,東京都,西武新宿線,139.63892,35.722605,1650032,都立家政,下井草
下井草,東京都,西武新宿線,139.624688,35.723852,1670021,鷺ノ宮,井荻
井荻,東京都,西武新宿線,139.615303,35.72469,1670021,下井草,上井草
上井草,東京都,西武新宿線,139.602937,35.725326,1670021,井荻,上石神井
上石神井,東京都,西武新宿線,139.592266,35.726189,1770044,上井草,武蔵関
武蔵関,東京都,西武新宿線,139.576417,35.7276,1770051,上石神井,東伏見
東伏見,東京都,西武新宿線,139.563529,35.728761,2020021,武蔵関,西武柳沢
西武柳沢,東京都,西武新宿線,139.552477,35.728621,2020022,東伏見,田無
田無,東京都,西武新宿線,139.539259,35.727307,1880012,西武柳沢,花小金井
花小金井,東京都,西武新宿線,139.513228,35.726129,1870003,田無,小平
小平,東京都,西武新宿線,139.488491,35.736963,1870041,花小金井,久米川
久米川,東京都,西武新宿線,139.472653,35.749575,1890013,小平,東村山
東村山,東京都,西武新宿線,139.465839,35.76006,1890014,久米川,所沢
所沢,埼玉県,西武新宿線,139.473324,35.786627,3591123,東村山,航空公園
航空公園,埼玉県,西武新宿線,139.465641,35.798272,3590042,所沢,新所沢
新所沢,埼玉県,西武新宿線,139.457069,35.805854,3590044,航空公園,入曽
入曽,埼玉県,西武新宿線,139.427304,35.832481,3501316,新所沢,狭山市
狭山市,埼玉県,西武新宿線,139.413015,35.856936,3501305,入曽,新狭山
新狭山,埼玉県,西武新宿線,139.433499,35.873993,3501331,狭山市,南大塚
南大塚,埼玉県,西武新宿線,139.454189,35.889663,3501165,新狭山,本川越
本川越,埼玉県,西武新宿線,139.481125,35.913524,3500043,南大塚,
練馬,東京都,西武有楽町線,139.654368,35.737893,1760001,,新桜台
新桜台,東京都,西武有楽町線,139.6683,35.74077,1760006,練馬,小竹向原
小竹向原,東京都,西武有楽町線,139.678572,35.743803,1760004,新桜台,
池袋,東京都,西武池袋線,139.711461,35.72913,1710022,,椎名町
椎名町,東京都,西武池袋線,139.694363,35.726572,1710052,池袋,東長崎
東長崎,東京都,西武池袋線,139.683294,35.73003,1710051,椎名町,江古田
江古田,東京都,西武池袋線,139.672814,35.737557,1760005,東長崎,桜台
桜台,東京都,西武池袋線,139.662602,35.738797,1760002,江古田,練馬
練馬,東京都,西武池袋線,139.654368,35.737893,1760001,桜台,中村橋
中村橋,東京都,西武池袋線,139.637456,35.736767,1760021,練馬,富士見台
富士見台,東京都,西武池袋線,139.62969,35.735867,1760021,中村橋,練馬高野台
練馬高野台,東京都,西武池袋線,139.616749,35.740622,1770033,富士見台,石神井公園
石神井公園,東京都,西武池袋線,139.606981,35.743563,1770041,練馬高野台,大泉学園
大泉学園,東京都,西武池袋線,139.586732,35.749406,1780063,石神井公園,保谷
保谷,東京都,西武池袋線,139.567753,35.748222,2020004,大泉学園,ひばりヶ丘
ひばりヶ丘,東京都,西武池袋線,139.545852,35.751485,2020002,保谷,東久留米
東久留米,東京都,西武池袋線,139.533739,35.760445,2030014,ひばりヶ丘,清瀬
清瀬,東京都,西武池袋線,139.519917,35.772221,2040022,東久留米,秋津
秋津,東京都,西武池袋線,139.496539,35.778614,1890001,清瀬,所沢
所沢,埼玉県,西武池袋線,139.473324,35.786627,3591123,秋津,西所沢
西所沢,埼玉県,西武池袋線,139.455959,35.789303,3591142,所沢,小手指
小手指,埼玉県,西武池袋線,139.438016,35.800535,3591141,西所沢,狭山ヶ丘
狭山ヶ丘,埼玉県,西武池袋線,139.416975,35.810445,3591106,小手指,武蔵藤沢
武蔵藤沢,埼玉県,西武池袋線,139.412736,35.820963,3580012,狭山ヶ丘,稲荷山公園
稲荷山公園,埼玉県,西武池袋線,139.39842,35.845112,3501305,武蔵藤沢,入間市
入間市,埼玉県,西武池袋線,139.390294,35.842904,3580007,稲荷山公園,仏子
仏子,埼玉県,西武池袋線,139.360115,35.83769,3580053,入間市,元加治
元加治,埼玉県,西武池袋線,139.345316,35.84058,3580054,仏子,飯能
飯能,埼玉県,西武池袋線,139.318824,35.851189,3570038,元加治,東飯能
東飯能,埼玉県,西武池袋線,139.325965,35.852928,3570025,飯能,高麗
高麗,埼玉県,西武池袋線,139.304414,35.881982,3501253,東飯能,武蔵横手
武蔵横手,埼玉県,西武池袋線,139.280667,35.885256,3501257,高麗,東吾野
東吾野,埼玉県,西武池袋線,139.260281,35.892439,3570211,武蔵横手,吾野
吾野,埼玉県,西武池袋線,139.226787,35.908502,3570213,東吾野,
東村山,東京都,西武西武園線,139.465839,35.76006,1890014,,西武園
西武園,東京都,西武西武園線,139.448904,35.767684,1890026,東村山,
練馬,東京都,西武豊島線,139.654368,35.737893,1760001,,豊島園
豊島園,東京都,西武豊島線,139.647979,35.742054,1760001,練馬,
目黒,東京都,都営三田線,139.7155,35.633272,1410021,,白金台
白金台,東京都,都営三田線,139.726133,35.637917,1080071,目黒,白金高輪
白金高輪,東京都,都営三田線,139.734104,35.642903,1080072,白金台,三田
三田,東京都,都営三田線,139.748775,35.64818,1080014,白金高輪,芝公園
芝公園,東京都,都営三田線,139.749824,35.654074,1050011,三田,御成門
御成門,東京都,都営三田線,139.751535,35.661215,1050004,芝公園,内幸町
内幸町,東京都,都営三田線,139.75561,35.66975,1050004,御成門,日比谷
日比谷,東京都,都営三田線,139.759998,35.676036,1000005,内幸町,大手町
大手町,東京都,都営三田線,139.762959,35.684856,1000005,日比谷,神保町
神保町,東京都,都営三田線,139.75812,35.695492,1010051,大手町,水道橋
水道橋,東京都,都営三田線,139.75516,35.703398,1130033,神保町,春日
春日,東京都,都営三田線,139.75325,35.709598,1130033,水道橋,白山
白山,東京都,都営三田線,139.752136,35.721408,1130001,春日,千石
千石,東京都,都営三田線,139.744792,35.727957,1130021,白山,巣鴨
巣鴨,東京都,都営三田線,139.738519,35.733502,1700002,千石,西巣鴨
西巣鴨,東京都,都営三田線,139.728712,35.743508,1700001,巣鴨,新板橋
新板橋,東京都,都営三田線,139.720101,35.748785,1730004,西巣鴨,板橋区役所前
板橋区役所前,東京都,都営三田線,139.710102,35.751284,1730004,新板橋,板橋本町
板橋本町,東京都,都営三田線,139.705535,35.761339,1730001,板橋区役所前,本蓮沼
本蓮沼,東京都,都営三田線,139.702324,35.768782,1740052,板橋本町,志村坂上
志村坂上,東京都,都営三田線,139.69538,35.775725,1740051,本蓮沼,志村三丁目
志村三丁目,東京都,都営三田線,139.685937,35.777391,1740056,志村坂上,蓮根
蓮根,東京都,都営三田線,139.678993,35.784335,1740046,志村三丁目,西台
西台,東京都,都営三田線,139.673971,35.78699,1750082,蓮根,高島平
高島平,東京都,都営三田線,139.661216,35.789056,1750082,西台,新高島平
新高島平,東京都,都営三田線,139.654275,35.790189,1750082,高島平,西高島平
西高島平,東京都,都営三田線,139.64594,35.791833,1750082,新高島平,
新宿西口,東京都,都営大江戸線,139.699155,35.693315,1600023,都庁前,東新宿
東新宿,東京都,都営大江戸線,139.707549,35.69792,1600022,新宿西口,若松河田
若松河田,東京都,都営大江戸線,139.718184,35.699218,1620056,東新宿,牛込柳町
牛込柳町,東京都,都営大江戸線,139.725027,35.699518,1620053,若松河田,牛込神楽坂
牛込神楽坂,東京都,都営大江戸線,139.735802,35.700851,1620832,牛込柳町,飯田橋
飯田橋,東京都,都営大江戸線,139.744999,35.702927,1120004,牛込神楽坂,春日
春日,東京都,都営大江戸線,139.75325,35.709598,1120002,飯田橋,本郷三丁目
本郷三丁目,東京都,都営大江戸線,139.760095,35.707462,1130033,春日,上野御徒町
上野御徒町,東京都,都営大江戸線,139.774332,35.707893,1100005,本郷三丁目,新御徒町
新御徒町,東京都,都営大江戸線,139.781958,35.707045,1110041,上野御徒町,蔵前
蔵前,東京都,都営大江戸線,139.790931,35.703236,1110042,新御徒町,両国
両国,東京都,都営大江戸線,139.797421,35.696881,1300014,蔵前,森下
森下,東京都,都営大江戸線,139.797042,35.68796,1350004,両国,清澄白河
清澄白河,東京都,都営大江戸線,139.798851,35.682105,1350021,森下,門前仲町
門前仲町,東京都,都営大江戸線,139.796209,35.671851,1350048,清澄白河,月島
月島,東京都,都営大江戸線,139.784233,35.664871,1040052,門前仲町,勝どき
勝どき,東京都,都営大江戸線,139.776442,35.658507,1040054,月島,築地市場
築地市場,東京都,都営大江戸線,139.766915,35.664895,1040045,勝どき,汐留
汐留,東京都,都営大江戸線,139.760642,35.663703,1050021,築地市場,大門
大門,東京都,都営大江戸線,139.75466,35.656785,1050013,汐留,赤羽橋
赤羽橋,東京都,都営大江戸線,139.743642,35.655007,1060044,大門,麻布十番
麻布十番,東京都,都営大江戸線,139.736116,35.656503,1060045,赤羽橋,六本木
六本木,東京都,都営大江戸線,139.731567,35.663921,1060032,麻布十番,青山一丁目
青山一丁目,東京都,都営大江戸線,139.72396,35.672929,1070051,六本木,国立競技場
国立競技場,東京都,都営大江戸線,139.714932,35.679831,1600013,青山一丁目,代々木
代々木,東京都,都営大江戸線,139.701666,35.683218,1510053,国立競技場,新宿
新宿,東京都,都営大江戸線,139.698812,35.68869,1510053,代々木,都庁前
都庁前,東京都,都営大江戸線,139.69257,35.690551,1600023,新宿,西新宿五丁目
西新宿五丁目,東京都,都営大江戸線,139.684304,35.689798,1600023,都庁前,中野坂上
中野坂上,東京都,都営大江戸線,139.682279,35.69709,1640011,西新宿五丁目,東中野
東中野,東京都,都営大江戸線,139.682987,35.706891,1640003,中野坂上,中井
中井,東京都,都営大江戸線,139.686356,35.714035,1610034,東中野,落合南長崎
落合南長崎,東京都,都営大江戸線,139.683303,35.723608,1610031,中井,新江古田
新江古田,東京都,都営大江戸線,139.670653,35.732538,1650023,落合南長崎,練馬
練馬,東京都,都営大江戸線,139.65477,35.737404,1760001,新江古田,豊島園
豊島園,東京都,都営大江戸線,139.64911,35.742067,1760001,練馬,練馬春日町
練馬春日町,東京都,都営大江戸線,139.640236,35.751452,1790074,豊島園,光が丘
光が丘,東京都,都営大江戸線,139.628603,35.758526,1790072,練馬春日町,
新宿,東京都,都営新宿線,139.698812,35.68869,1600023,,新宿三丁目
新宿三丁目,東京都,都営新宿線,139.706271,35.690616,1600022,新宿,曙橋
曙橋,東京都,都営新宿線,139.722881,35.692402,1620065,新宿三丁目,市ヶ谷
市ヶ谷,東京都,都営新宿線,139.735794,35.692594,1020073,曙橋,九段下
九段下,東京都,都営新宿線,139.751948,35.695589,1020074,市ヶ谷,神保町
神保町,東京都,都営新宿線,139.757606,35.695966,1010051,九段下,小川町
小川町,東京都,都営新宿線,139.767551,35.695487,1010052,神保町,岩本町
岩本町,東京都,都営新宿線,139.775866,35.695534,1010032,小川町,馬喰横山
馬喰横山,東京都,都営新宿線,139.782768,35.69212,1030003,岩本町,浜町
浜町,東京都,都営新宿線,139.788154,35.688516,1030007,馬喰横山,森下
森下,東京都,都営新宿線,139.797042,35.68796,1350004,浜町,菊川
菊川,東京都,都営新宿線,139.806016,35.688379,1300024,森下,住吉
住吉,東京都,都営新宿線,139.815681,35.689073,1350002,菊川,西大島
西大島,東京都,都営新宿線,139.826206,35.689349,1360072,住吉,大島
大島,東京都,都営新宿線,139.83565,35.689905,1360072,西大島,東大島
東大島,東京都,都営新宿線,139.845963,35.690355,1360072,大島,船堀
船堀,東京都,都営新宿線,139.864258,35.683795,1340091,東大島,一之江
一之江,東京都,都営新宿線,139.882934,35.686055,1340003,船堀,瑞江
瑞江,東京都,都営新宿線,139.89761,35.693318,1320011,一之江,篠崎
篠崎,東京都,都営新宿線,139.903698,35.706017,1330061,瑞江,本八幡
本八幡,千葉県,都営新宿線,139.926628,35.722929,2720021,篠崎,
西馬込,東京都,都営浅草線,139.705942,35.586859,1430025,,馬込
馬込,東京都,都営浅草線,139.711772,35.596435,1430022,西馬込,中延
中延,東京都,都営浅草線,139.713736,35.605769,1420042,馬込,戸越
戸越,東京都,都営浅草線,139.716495,35.614633,1420041,中延,五反田
五反田,東京都,都営浅草線,139.724175,35.627102,1410022,戸越,高輪台
高輪台,東京都,都営浅草線,139.730305,35.631679,1080071,五反田,泉岳寺
泉岳寺,東京都,都営浅草線,139.74002,35.638692,1080074,高輪台,三田
三田,東京都,都営浅草線,139.748775,35.64818,1080014,泉岳寺,大門
大門,東京都,都営浅草線,139.75466,35.656785,1050012,三田,新橋
新橋,東京都,都営浅草線,139.759451,35.665577,1050004,大門,東銀座
東銀座,東京都,都営浅草線,139.767253,35.669464,1040061,新橋,宝町
宝町,東京都,都営浅草線,139.771767,35.675461,1040031,東銀座,日本橋
日本橋,東京都,都営浅草線,139.775721,35.681688,1030027,宝町,人形町
人形町,東京都,都営浅草線,139.782285,35.686307,1030013,日本橋,東日本橋
東日本橋,東京都,都営浅草線,139.784821,35.692126,1030004,人形町,浅草橋
浅草橋,東京都,都営浅草線,139.786305,35.697451,1110052,東日本橋,蔵前
蔵前,東京都,都営浅草線,139.790931,35.703236,1110051,浅草橋,浅草
浅草,東京都,都営浅草線,139.79697,35.709461,1110034,蔵前,本所吾妻橋
本所吾妻橋,東京都,都営浅草線,139.804624,35.70858,1300001,浅草,押上
押上,東京都,都営浅草線,139.812935,35.710702,1300002,本所吾妻橋,
三ノ輪橋,東京都,都電荒川線,139.791412,35.732248,1160003,,荒川一中前
荒川一中前,東京都,都電荒川線,139.788988,35.733659,1160003,三ノ輪橋,荒川区役所前
荒川区役所前,東京都,都電荒川線,139.786456,35.73493,1160002,荒川一中前,荒川二丁目
荒川二丁目,東京都,都電荒川線,139.784696,35.738623,1160002,荒川区役所前,荒川七丁目
荒川七丁目,東京都,都電荒川線,139.78417,35.741975,1160002,荒川二丁目,町屋駅前
町屋駅前,東京都,都電荒川線,139.781145,35.74275,1160002,荒川七丁目,町屋二丁目
町屋二丁目,東京都,都電荒川線,139.776625,35.743837,1160002,町屋駅前,東尾久三丁目
東尾久三丁目,東京都,都電荒川線,139.774386,35.745398,1160012,町屋二丁目,熊野前
熊野前,東京都,都電荒川線,139.769204,35.749212,1160012,東尾久三丁目,宮ノ前
宮ノ前,東京都,都電荒川線,139.764955,35.750135,1160011,熊野前,小台
小台,東京都,都電荒川線,139.761779,35.750579,1160011,宮ノ前,荒川遊園地前
荒川遊園地前,東京都,都電荒川線,139.757767,35.750744,1160011,小台,荒川車庫前
荒川車庫前,東京都,都電荒川線,139.752617,35.750909,1160011,荒川遊園地前,梶原
梶原,東京都,都電荒川線,139.747403,35.751162,1140016,荒川車庫前,栄町
栄町,東京都,都電荒川線,139.742124,35.750909,1140005,梶原,王子駅前
王子駅前,東京都,都電荒川線,139.737661,35.753199,1140002,栄町,飛鳥山
飛鳥山,東京都,都電荒川線,139.737382,35.750248,1140023,王子駅前,滝野川一丁目
滝野川一丁目,東京都,都電荒川線,139.735376,35.747374,1140023,飛鳥山,西ヶ原四丁目
西ヶ原四丁目,東京都,都電荒川線,139.732779,35.744501,1140024,滝野川一丁目,新庚申塚
新庚申塚,東京都,都電荒川線,139.730451,35.741348,1700001,西ヶ原四丁目,庚申塚
庚申塚,東京都,都電荒川線,139.729743,35.739563,1700001,新庚申塚,巣鴨新田
巣鴨新田,東京都,都電荒川線,139.727769,35.735488,1700004,庚申塚,大塚駅前
大塚駅前,東京都,都電荒川線,139.729593,35.732082,1700004,巣鴨新田,向原
向原,東京都,都電荒川線,139.724894,35.728938,1700013,大塚駅前,東池袋四丁目
東池袋四丁目,東京都,都電荒川線,139.720012,35.72528,1700013,向原,都電雑司ヶ谷
都電雑司ヶ谷,東京都,都電荒川線,139.718006,35.724261,1710022,東池袋四丁目,鬼子母神前
鬼子母神前,東京都,都電荒川線,139.714916,35.720403,1710032,都電雑司ヶ谷,学習院下
学習院下,東京都,都電荒川線,139.71247,35.716248,1710033,鬼子母神前,面影橋
面影橋,東京都,都電荒川線,139.714444,35.712981,1690051,学習院下,早稲田
早稲田,東京都,都電荒川線,139.718928,35.711848,1690051,面影橋,
敦賀,福井県,北陸新幹線,136.076488,35.644767,9140026,,越前たけふ
越前たけふ,福井県,北陸新幹線,136.198935,35.895695,9150042,敦賀,福井
福井,福井県,北陸新幹線,136.223516,36.062057,9100858,越前たけふ,芦原温泉
芦原温泉,福井県,北陸新幹線,136.235069,36.214542,9190632,福井,加賀温泉
加賀温泉,石川県,北陸新幹線,136.350337,36.320562,9220423,芦原温泉,小松
小松,石川県,北陸新幹線,136.452926,36.402545,9230868,加賀温泉,金沢
金沢,石川県,北陸新幹線,136.648166,36.578117,9200023,小松,新高岡
新高岡,富山県,北陸新幹線,137.010459,36.727004,9330852,金沢,富山
富山,富山県,北陸新幹線,137.213091,36.701384,9300001,新高岡,黒部宇奈月温泉
黒部宇奈月温泉,富山県,北陸新幹線,137.481326,36.874232,9380802,富山,糸魚川
糸魚川,新潟県,北陸新幹線,137.861311,37.043631,9410061,黒部宇奈月温泉,上越妙高
上越妙高,新潟県,北陸新幹線,138.249476,37.081813,9430861,糸魚川,飯山
飯山,長野県,北陸新幹線,138.358939,36.845183,3892253,上越妙高,長野
長野,長野県,北陸新幹線,138.189101,36.643307,3800921,飯山,上田
上田,長野県,北陸新幹線,138.249298,36.396579,3860025,長野,佐久平
佐久平,長野県,北陸新幹線,138.464367,36.277929,3850028,上田,軽井沢
軽井沢,長野県,北陸新幹線,138.635096,36.342889,3890102,佐久平,安中榛名
安中榛名,群馬県,北陸新幹線,138.849312,36.362582,3790102,軽井沢,高崎
高崎,群馬県,北陸新幹線,139.012354,36.322239,3700849,安中榛名,本庄早稲田
本庄早稲田,埼玉県,北陸新幹線,139.179676,36.218754,3670031,高崎,熊谷
熊谷,埼玉県,北陸新幹線,139.389528,36.139627,3600036,本庄早稲田,大宮
大宮,埼玉県,北陸新幹線,139.62405,35.906439,3300853,熊谷,上野
上野,東京都,北陸新幹線,139.777043,35.71379,1100005,大宮,東京
東京,東京都,北陸新幹線,139.766103,35.681391,1000005,上野,
高尾山,東京都,高尾登山電鉄線,139.256026,35.63111,1930844,,清滝
清滝,東京都,高尾登山電鉄線,139.266772,35.631083,1930844,高尾山,
日暮里,東京都,日暮里・舎人ライナー,139.771287,35.727908,1160013,,西日暮里
西日暮里,東京都,日暮里・舎人ライナー,139.766857,35.731954,1160013,日暮里,赤土小学校前
赤土小学校前,東京都,日暮里・舎人ライナー,139.768989,35.742454,1160012,西日暮里,熊野前
熊野前,東京都,日暮里・舎人ライナー,139.769695,35.748972,1160012,赤土小学校前,足立小台
足立小台,東京都,日暮里・舎人ライナー,139.770381,35.754658,1200046,熊野前,扇大橋
扇大橋,東京都,日暮里・舎人ライナー,139.770808,35.763897,1230873,足立小台,高野
高野,東京都,日暮里・舎人ライナー,139.770679,35.768359,1230873,扇大橋,江北
江北,東京都,日暮里・舎人ライナー,139.770306,35.774021,1230872,高野,西新井大師西
西新井大師西,東京都,日暮里・舎人ライナー,139.770094,35.781505,1230872,江北,谷在家
谷在家,東京都,日暮里・舎人ライナー,139.770043,35.788774,1230863,西新井大師西,舎人公園
舎人公園,東京都,日暮里・舎人ライナー,139.770183,35.79623,1210837,谷在家,舎人
舎人,東京都,日暮里・舎人ライナー,139.770108,35.8057,1210831,舎人公園,見沼代親水公園
見沼代親水公園,東京都,日暮里・舎人ライナー,139.770719,35.814544,1210831,舎人,
大宮,埼玉県,JR上野東京ライン,139.62405,35.906439,3300853,,さいたま新都心
さいたま新都心,埼玉県,JR上野東京ライン,139.633587,35.893867,3300843,大宮,浦和
浦和,埼玉県,JR上野東京ライン,139.657109,35.858496,3300063,さいたま新都心,赤羽
赤羽,東京都,JR上野東京ライン,139.720928,35.778026,1150045,浦和,尾久
尾久,東京都,JR上野東京ライン,139.753846,35.74683,1140016,赤羽,日暮里
日暮里,東京都,JR上野東京ライン,139.771287,35.727908,1100001,尾久,上野
上野,東京都,JR上野東京ライン,139.777043,35.71379,1100005,日暮里,東京
東京,東京都,JR上野東京ライン,139.766103,35.681391,1000005,上野,新橋
新橋,東京都,JR上野東京ライン,139.758587,35.666195,1050004,東京,品川
品川,東京都,JR上野東京ライン,139.738999,35.62876,1080075,新橋,川崎
川崎,神奈川県,JR上野東京ライン,139.697485,35.531311,2120013,品川,横浜
横浜,神奈川県,JR上野東京ライン,139.622704,35.466195,2200011,川崎,戸塚
戸塚,神奈川県,JR上野東京ライン,139.534282,35.400432,2440003,横浜,大船
大船,神奈川県,JR上野東京ライン,139.531127,35.353466,2470056,戸塚,
新宿,東京都,相鉄・JR直通線,139.700464,35.689729,1600022,,渋谷
渋谷,東京都,相鉄・JR直通線,139.701238,35.658871,1500002,新宿,恵比寿
恵比寿,東京都,相鉄・JR直通線,139.71007,35.646685,1500013,渋谷,大崎
大崎,東京都,相鉄・JR直通線,139.728439,35.619772,1410032,恵比寿,西大井
西大井,東京都,相鉄・JR直通線,139.721729,35.601616,1420043,大崎,武蔵小杉
武蔵小杉,神奈川県,相鉄・JR直通線,139.663278,35.575965,2110005,西大井,羽沢横浜国大
羽沢横浜国大,神奈川県,相鉄・JR直通線,139.586167,35.481245,2210866,武蔵小杉,西谷
西谷,神奈川県,相鉄・JR直通線,139.565721,35.478092,2400052,羽沢横浜国大,鶴ヶ峰
鶴ヶ峰,神奈川県,相鉄・JR直通線,139.549586,35.475031,2410022,西谷,二俣川
二俣川,神奈川県,相鉄・JR直通線,139.532207,35.463335,2410821,鶴ヶ峰,希望ヶ丘
希望ヶ丘,神奈川県,相鉄・JR直通線,139.5143,35.460399,2410825,二俣川,三ツ境
三ツ境,神奈川県,相鉄・JR直通線,139.502662,35.467779,2460022,希望ヶ丘,瀬谷
瀬谷,神奈川県,相鉄・JR直通線,139.482574,35.470412,2460031,三ツ境,大和
大和,神奈川県,相鉄・JR直通線,139.461383,35.469924,2420021,瀬谷,相模大塚
相模大塚,神奈川県,相鉄・JR直通線,139.441232,35.470666,2420028,大和,さがみ野
さがみ野,神奈川県,相鉄・JR直通線,139.429055,35.471485,2430401,相模大塚,かしわ台
かしわ台,神奈川県,相鉄・JR直通線,139.415851,35.466744,2430402,さがみ野,海老名
海老名,神奈川県,相鉄・JR直通線,139.392074,35.453381,2430434,かしわ台,
